s,i,w
817071,909716,4
817071,817898,3
817071,813841,4
817071,812482,3
817071,811549,3
817071,809174,6
817071,808434,18
817071,808237,3
817071,807978,4
817071,807851,5
817071,803860,26
817071,802154,3
817071,78326,7
817376,909716,7
817376,811549,3
817376,808434,11
817376,807202,3
817376,803860,15
810957,804996,3
810957,803261,7
810957,801266,4
810957,21182,3
815827,908251,8
815827,817794,3
815827,816120,3
815827,816014,6
815827,812476,7
815827,812182,4
815827,811961,4
815827,811715,4
815827,808935,6
815827,808180,6
815827,807330,4
815827,805728,7
815827,805545,3
815827,803007,14
816971,919485,3
816971,908251,6
816971,812182,4
816971,811715,4
816971,810359,3
816971,809603,3
816971,808180,9
816971,807330,7
816971,803007,6
816971,802192,3
817472,812451,6
817472,810530,3
817472,803261,39
817472,801870,4
817901,924883,3
817901,902790,4
817901,813153,6
817901,809813,3
817901,809369,4
817901,809118,3
817901,808366,3
817901,807228,4
817901,806116,4
817901,804999,7
817901,803575,8
817901,802766,12
817901,801266,25
817901,800518,4
817901,342502,3
819101,924883,5
819101,813153,8
819101,810944,4
819101,810359,4
819101,809199,3
819101,809059,4
819101,808366,3
819101,808044,3
819101,807423,4
819101,807228,6
819101,806116,3
819101,803609,9
819101,802766,8
819101,801266,16
819101,800518,12
819101,342502,3
819101,21182,3
904892,910718,3
904892,908089,3
904892,816612,3
904892,809496,4
904892,806838,5
904892,803609,4
904892,801571,3
904892,801266,10
904892,801189,4
904892,800518,8
904892,21182,27
36718,912300,3
36718,911200,3
36718,812184,3
36718,811482,3
36718,810743,3
36718,807660,4
36718,804688,3
41670,912300,3
41670,814711,3
41670,812184,3
41670,811482,4
41670,811211,3
41670,811073,5
48437,933397,3
48437,820900,6
48437,813561,6
48437,802566,5
50292,820900,3
50292,814690,3
50292,812173,7
50292,811482,3
50292,811073,3
52279,909171,3
52279,904933,6
52279,904639,5
52279,817559,3
52279,813671,3
52279,811818,5
52279,809381,5
52279,803469,4
52279,802016,4
52279,801107,7
52279,800943,3
57589,815436,4
57655,811775,4
57655,811160,3
57655,810992,3
57655,810855,3
57655,810140,3
57720,909171,4
57720,817559,3
57720,817355,4
57720,817053,3
57720,816087,7
57720,813422,3
57720,808396,3
57720,806463,3
57720,806088,3
57720,806051,4
57720,803950,13
57720,803469,11
57720,801618,7
57720,801141,12
57720,801107,13
57720,63109,3
57720,27135,18
58424,933397,4
58424,909716,3
58424,820900,11
58424,812407,4
58424,802566,4
58424,802092,3
59144,911200,3
59144,817005,3
59144,807202,7
59144,802092,6
59144,45062,3
61672,907967,4
61672,905303,3
61672,820900,8
61672,813561,3
61672,811549,3
61672,810140,4
61672,809417,3
61672,807202,4
61672,802092,3
61672,45062,3
70454,904639,24
70454,817559,5
70454,817053,3
70454,809381,5
70454,806051,5
70454,803469,8
70454,801141,7
70454,801107,4
70454,800943,3
70598,904042,11
70598,809272,4
70598,807262,4
70598,805934,4
70598,803469,14
70598,802016,4
70598,801141,3
70598,801107,4
70598,800967,5
75573,802092,3
78445,909171,10
78445,904933,5
78445,904639,15
78445,820457,3
78445,817559,3
78445,816087,5
78445,811754,3
78445,808396,8
78445,806767,3
78445,806463,3
78445,806088,5
78445,806051,5
78445,805416,4
78445,803950,8
78445,802633,10
78445,801618,9
78445,801141,7
78445,801107,26
79510,904639,7
79510,904042,14
79510,808955,10
79510,808550,3
79510,808530,7
79510,806463,7
79510,803950,4
79510,803469,3
79510,802184,7
79510,801618,3
79510,801141,3
79510,63109,3
79510,23882,3
81283,911200,6
81283,815201,5
81283,814805,3
81283,813991,8
81283,813127,4
81283,812407,11
81283,812184,11
81283,811939,7
81283,811211,3
81283,811210,11
81283,808768,13
81283,805884,6
86945,810855,5
86945,810140,5
86945,803860,4
86945,802092,6
96040,903400,6
96040,811040,5
96040,808550,3
96040,805487,5
96040,801107,18
96040,800967,6
109763,909716,8
109763,820900,9
109763,817005,3
109763,814690,6
109763,813561,5
109763,812173,3
109763,812170,4
109763,810855,4
109763,810140,3
109763,808434,4
109763,807202,3
109763,802092,3
120242,906654,3
120242,817005,8
120242,815847,3
120242,814805,3
120242,813991,3
120242,812407,6
120242,812184,6
120242,811939,5
120242,811210,10
120242,809399,3
120242,808768,9
120242,805884,4
120242,804205,4
150303,910238,6
150303,907594,8
150303,903400,6
150303,811281,3
150303,811040,9
150303,809272,3
150303,800967,8
150303,169836,4
158563,811299,5
158563,811073,3
158563,803860,7
158563,802092,11
158563,14569,3
173256,907594,3
173256,904042,8
173256,811281,3
173256,809272,5
173256,807262,8
173256,803469,3
173256,801107,12
173256,800967,4
249650,936263,3
249650,909716,4
249650,820900,5
249650,815965,4
249650,814805,3
249650,814436,5
249650,811549,4
249650,808434,3
249650,808237,6
249650,802092,6
253152,933397,3
253152,909716,8
253152,820900,4
253152,817898,5
253152,811775,4
253152,811299,6
253152,808434,3
253152,807202,5
253152,803860,5
253152,802092,4
282750,909716,5
282750,811775,4
282750,811549,4
282750,811299,7
282750,808434,6
282750,808237,3
282750,807202,5
282750,804164,3
282750,803860,8
282750,802092,3
542621,912637,3
542621,810555,3
542621,802882,6
814684,819660,3
814684,817005,5
814684,811073,3
814684,810140,6
814684,804688,4
814684,802092,6
89347,1052546574,4
89347,933278,5
89347,812136,3
89347,811364,6
89347,811352,4
89347,811252,3
89347,811238,10
89347,810486,3
119214,919485,4
119214,905303,3
119214,814919,4
119214,814314,5
119214,814281,3
119214,812644,8
119214,812612,5
119214,811252,6
119214,805728,3
119214,805701,4
119214,802566,3
119877,817579,3
119877,808180,4
119877,807330,9
119877,805728,7
128531,924883,5
128531,812612,4
128531,811252,3
128531,809553,5
128531,809106,4
128531,808935,5
128531,802192,4
133408,935925,3
133408,924901,3
133408,924883,3
133408,902790,10
133408,803575,4
133408,802766,11
133408,802533,13
133408,801266,12
146224,935925,4
146224,902790,3
146224,816612,3
146224,810441,3
146224,803575,5
146224,802766,19
146224,802533,4
146224,802399,4
146224,801266,8
147170,902790,5
147170,816612,12
147170,809199,5
147170,806060,4
147170,803609,4
147170,803575,5
147170,802766,13
147170,802533,3
147170,801266,19
147170,21182,3
148634,919485,4
148634,811559,5
148634,809603,5
148634,809553,5
148634,809118,6
148634,808180,5
148634,807330,7
148634,802192,5
148634,11540,3
151156,924901,12
151156,924883,8
151156,902790,3
151156,814790,3
151156,809813,3
151156,807416,5
151156,806116,3
151156,804999,3
151156,802766,7
151156,802533,3
151156,801266,6
153644,910784,3
153644,904263,4
153644,814521,3
153644,813606,3
153644,811559,4
153644,810570,3
153644,809603,9
153644,809106,3
153644,808935,6
168613,1051211885,3
168613,924901,41
168613,910784,3
168613,811616,3
168613,811559,6
168613,809466,4
168613,808717,5
168613,802533,4
172868,910784,3
172868,904263,5
172868,816372,3
172868,815768,5
172868,814667,5
172868,814521,3
172868,814284,3
172868,811364,4
172868,811152,3
172868,810486,4
179610,807952,3
179610,806838,6
179610,21182,8
199918,805728,3
199918,805545,3
199918,803007,9
199918,904945,7
199918,817794,4
199918,816120,3
215306,924901,16
215306,904945,3
215306,814919,3
215306,812229,7
215306,809553,3
215306,808044,3
215306,806116,4
215306,802533,8
215306,802192,5
215306,800063,3
215306,21182,3
254178,818353,6
254178,814530,3
254178,811961,3
254178,810818,6
254178,806396,3
254178,803042,3
254178,803007,20
258572,816612,10
258572,807952,6
258572,806838,13
258572,800518,3
258572,21182,14
258686,902790,8
258686,809672,4
258686,809199,5
258686,803824,3
258686,803609,5
258686,803575,17
258686,802766,7
258686,802533,3
258686,801266,20
258686,21182,7
812596,924883,7
812596,904945,3
812596,902790,4
812596,813153,15
812596,810441,4
812596,809672,3
812596,809369,5
812596,809199,8
812596,809059,7
812596,808366,3
812596,807230,6
812596,806908,4
812596,806838,4
812596,805809,5
812596,803609,4
812596,803575,6
812596,803042,4
812596,802766,11
812596,802410,4
812596,802323,3
812596,801266,46
812596,801189,7
812596,800518,5
812596,800071,4
812596,800063,5
812596,342502,5
812596,21182,6
815986,924901,4
815986,924883,4
815986,902790,14
815986,813153,7
815986,809199,4
815986,808366,3
815986,806116,7
815986,804999,6
815986,803575,5
815986,802766,16
815986,802533,3
815986,801266,27
815986,21182,5
817462,814314,3
817462,812612,3
817462,812476,4
817462,809603,3
817462,809553,4
817462,808935,3
817462,808180,4
817462,807330,7
817462,803007,3
175249442,902790,5
175249442,809199,6
175249442,806116,4
175249442,803575,8
175249442,802766,10
175249442,802533,5
175249442,801266,17
175249442,21182,6
82770,919485,4
82770,904263,4
82770,815041,4
82770,811352,3
82770,811152,4
82770,810333,6
82770,808776,4
82770,805545,3
82770,802566,3
89046,818353,4
89046,816014,3
89046,814281,3
89046,811598,4
89046,811352,4
89046,810542,3
89046,805728,3
93068,818353,4
93068,816120,4
93068,816014,4
93068,812451,3
93068,807100,6
93068,804676,4
101558,924883,4
101558,812476,3
101558,811252,4
101558,805545,4
101558,802192,3
117027,931656,5
117027,924901,3
117027,907826,3
117027,819147,9
117027,814815,4
117027,813482,3
117027,802766,5
117027,802533,7
117027,802399,3
117027,801266,14
122489,817794,3
122489,814919,4
122489,809106,3
122489,802566,3
122753,912500,8
122753,907826,3
122753,904263,3
122753,816372,5
122753,815768,4
122753,814667,3
122753,814521,3
122753,813606,5
122753,812136,4
122753,811364,6
122753,810486,5
122753,808880,9
122753,808450,6
122753,808383,5
122753,804536,4
122753,803197,3
122992,912500,3
122992,911812,3
122992,904263,7
122992,816372,5
122992,814521,4
122992,813849,4
122992,813606,6
122992,809466,4
122992,802192,7
137825,912500,9
137825,911812,5
137825,904263,3
137825,816372,5
137825,814521,4
137825,813849,6
137825,812136,6
137825,809466,3
137825,808450,7
137825,808383,7
137825,807960,3
137825,803197,3
159329,807952,3
159329,801870,3
165331,936618,4
165331,817167,3
165331,814530,4
165331,811616,3
165331,811598,3
165331,809603,3
165331,805545,7
170770,816612,3
170770,807952,7
170770,806838,11
170770,21182,19
184894,924901,10
184894,924883,4
184894,910784,3
184894,809813,3
184894,809603,3
184894,809553,5
184894,809466,3
184894,809106,3
184894,806816,4
184894,802192,4
184894,800071,4
218325,933278,8
218325,912500,3
218325,911812,4
218325,817167,3
218325,816372,4
218325,814919,3
218325,814667,17
218325,814521,10
218325,814281,3
218325,813606,6
218325,813247,3
218325,812307,4
218325,811793,4
218325,811364,3
218325,810570,4
218325,810486,9
218325,810353,5
218325,808880,8
218325,808717,8
218325,808450,5
218325,808383,7
218325,807960,8
218325,804536,3
218325,803197,9
255915,1052546574,7
255915,816120,3
255915,811598,3
255915,806396,3
255915,805701,5
255915,803007,10
255915,801861,3
261128,816612,13
261128,806838,12
261128,21182,8
816429,924901,9
816429,907826,12
816429,818820,3
816429,813253,4
816429,806353,3
816429,805021,3
816429,804689,9
816429,802092,3
816429,801974,4
816429,801266,18
816429,515785,4
816429,14154,5
817091,908251,3
817091,805701,3
817091,803007,21
817091,801861,5
819678,924883,8
819678,902790,5
819678,808366,4
819678,808044,5
819678,807416,10
819678,804999,3
819678,802766,5
819678,801266,13
90679,808530,3
93838,909732,3
93838,819171,8
93838,812702,3
93838,809555,5
93838,807851,4
93838,802154,6
99350,904042,3
99350,903400,10
99350,808187,6
99350,805487,5
99350,802882,11
99350,801107,11
120857,933397,5
120857,909716,4
120857,820900,7
120857,817898,3
120857,813561,3
120857,812170,3
120857,809650,3
120857,802154,8
122413,912649,3
122413,904639,24
122413,819171,5
122413,812170,5
122413,811345,5
122413,808235,3
122413,805804,3
122413,804768,5
161542,911200,4
161542,814234,4
161542,812510,3
161542,812272,3
161542,812170,3
161542,811345,6
161542,805884,3
191517,907594,3
191517,808530,4
281933,933397,3
281933,819660,4
281933,809140,3
281933,808434,5
281933,808187,3
281933,807851,6
281933,802882,4
281933,802154,8
296168,936263,5
296168,906481,5
296168,904639,7
296168,815806,4
296168,811685,6
296168,810013,10
296168,808237,4
296168,807978,6
296168,807851,4
296168,807580,4
296168,805933,5
296168,802154,4
296168,800071,4
296698,903400,3
296698,809174,3
296698,808187,4
296698,807978,3
296698,806974,3
296698,805487,4
296698,804879,3
296698,801107,15
296698,800967,3
427343,911200,3
427343,904639,39
427343,811754,3
427343,810555,7
427343,810434,7
812914,906481,11
812914,904639,33
812914,816121,3
812914,812170,9
812914,811345,3
812914,802633,4
812914,802154,4
812914,78326,3
816063,803860,3
816063,802092,5
93955,909392,9
93955,907826,3
93955,816879,4
93955,816860,7
93955,814959,5
93955,814790,7
93955,813482,5
93955,813106,7
93955,811600,6
93955,805781,3
93955,801266,8
93955,515785,6
93955,27478,10
93955,931656,6
93955,924901,15
96994,21182,19
96994,931656,7
96994,924901,7
96994,816879,3
96994,816860,3
96994,816612,3
96994,814909,11
96994,814815,3
96994,814790,3
96994,813482,4
96994,813253,4
96994,811600,3
96994,806088,3
96994,805934,3
96994,805781,4
96994,805548,5
96994,805021,13
96994,804689,4
96994,803955,6
96994,802558,5
96994,802399,9
96994,801870,4
96994,801266,22
97567,931656,3
97567,821276,3
97567,819147,3
97567,818501,4
97567,818120,4
97567,814959,3
97567,814100,3
97567,808550,3
97567,807241,7
97567,805021,3
97567,802399,14
97567,801974,20
97567,801870,3
97567,801266,8
120169,924901,7
120169,911172,5
120169,807952,19
120169,805021,14
120169,803955,11
120169,803261,9
120169,802399,5
120169,801974,3
120169,801870,10
120169,801520,3
120169,800518,12
120169,21182,11
133908,807960,3
133908,807952,12
133908,803955,6
133908,802533,9
133908,802399,48
133908,801974,47
133908,801870,13
133908,801520,5
133908,801266,9
133908,515785,4
133908,27490,4
133908,21182,8
143082,818120,5
143082,803955,3
143082,802399,17
143082,801974,17
143082,801870,6
143082,21182,3
146485,931656,5
146485,816612,5
146485,808550,4
146485,806088,5
146485,806060,11
146485,805934,3
146485,805021,7
146485,804304,5
146485,803995,4
146485,803955,4
146485,803824,3
146485,803575,3
146485,802533,12
146485,802399,33
146485,801974,39
146485,801870,9
146485,801266,22
146485,21182,10
146485,11540,5
156308,931656,3
156308,902790,4
156308,816612,28
156308,809892,6
156308,809672,3
156308,806838,3
156308,805934,3
156308,803824,9
156308,803575,3
156308,801974,10
156308,801870,4
156308,801266,8
156308,21182,18
161422,911172,5
161422,810951,3
161422,807952,4
161422,805021,5
161422,803261,8
161422,801870,6
161422,800518,3
161422,27490,3
161422,21182,3
161422,20234,3
187182,924901,8
187182,910013,6
187182,909392,4
187182,818820,6
187182,816860,5
187182,811600,3
187182,807241,3
187182,805781,3
187182,804689,7
187182,801974,3
187182,801266,17
187182,515785,7
516607,924901,4
516607,907826,5
516607,818820,7
516607,818501,3
516607,818120,4
516607,814959,4
516607,808550,3
516607,807241,6
516607,806060,4
516607,805934,4
516607,805021,6
516607,804689,4
516607,803955,3
516607,802533,3
516607,802399,13
516607,801974,23
516607,801266,21
516607,515785,4
516607,14154,7
812667,931656,10
812667,924901,8
812667,910013,10
812667,821276,5
812667,820652,7
812667,819147,5
812667,818501,3
812667,816879,6
812667,816860,13
812667,814909,8
812667,814790,5
812667,813584,4
812667,813482,6
812667,805934,3
812667,805781,3
812667,805021,10
812667,804689,6
812667,803995,6
812667,803955,4
812667,802558,4
812667,801870,7
812667,801520,9
812667,801266,16
812667,27490,9
812667,27478,4
812667,21182,7
812667,14154,5
146824,100012,7
146824,21182,38
146824,816612,11
146824,809892,5
146824,809672,4
146824,809199,3
146824,806838,5
146824,804304,3
146824,802399,3
146824,801974,4
159470,924883,8
159470,817794,4
159470,808702,5
159470,808180,7
159470,808044,3
159470,804999,3
159470,802192,10
212840,807416,3
212840,806116,3
212840,802766,11
212840,802533,4
212840,801266,7
212840,924901,5
212840,924883,16
212840,814790,6
212840,809634,3
280007,816612,7
280007,810944,3
280007,807952,4
280007,807423,3
280007,806838,5
280007,803609,8
280007,803007,5
280007,800518,17
280007,342502,3
280007,21182,12
282841,908251,7
282841,816612,13
282841,811942,3
282841,807423,4
282841,806838,12
282841,803609,10
282841,803007,3
282841,802766,3
282841,801189,7
282841,800518,21
282841,21182,20
287217,902790,7
287217,816612,9
287217,810441,4
287217,809672,8
287217,809199,4
287217,806838,4
287217,803609,6
287217,803575,5
287217,802766,13
287217,802399,4
287217,801266,14
287217,800518,4
287217,21182,7
312400,803869,3
403537,814314,3
403537,805728,7
403537,803042,3
403537,803007,28
403537,908251,6
403537,818353,3
403537,817579,5
403537,816014,3
495250,816612,4
495250,813153,3
495250,807423,9
495250,807228,5
495250,805622,3
495250,803609,8
495250,803007,8
495250,802766,9
495250,800518,7
495250,21182,5
816625,816612,3
816625,810944,3
816625,810441,5
816625,809199,4
816625,806838,6
816625,803609,7
816625,802399,3
816625,800518,12
816625,21182,19
817316,910718,4
817316,810441,6
817316,809496,4
817316,809199,10
817316,806838,8
817316,805809,5
817316,803609,5
817316,801266,9
817316,801189,3
817316,800518,10
817316,21182,28
303754631,911172,4
303754631,908251,5
303754631,816612,14
303754631,807952,6
303754631,806838,12
303754631,803609,3
303754631,800518,4
303754631,21182,19
110525,912649,3
110525,906481,3
110525,816121,6
110525,811345,3
110525,809555,6
110525,808237,4
110525,802154,4
123524,933397,3
123524,815428,4
123524,808237,4
123524,805933,3
123524,802882,6
123524,802154,12
135347,811775,3
135347,802092,8
153564,808955,3
285848,816175,4
285848,805302,5
363069,803860,9
469267,807423,3
469267,805622,4
469267,803860,7
469267,802184,6
817526,909716,5
817526,813841,4
817526,811345,4
817526,808434,5
817526,808237,5
817526,803860,11
817526,802092,3
817526,78326,8
818414,909716,3
818414,811299,3
818414,808434,3
818414,807202,8
818414,803860,12
565883073,907594,3
565883073,903400,5
565883073,812482,3
565883073,811281,8
565883073,809713,4
565883073,809272,6
565883073,809140,7
565883073,808081,3
565883073,807580,5
565883073,805487,8
565883073,802184,9
565883073,801107,5
565883073,18714,4
43559,912300,6
43559,911200,6
43559,909732,6
43559,820900,5
43559,814583,3
43559,813561,3
43559,812407,8
43559,811482,4
43559,809434,3
43559,804688,5
53799,912649,3
53799,911200,4
53799,909732,3
53799,820900,3
53799,816121,3
53799,813991,3
53799,813841,3
53799,813790,3
53799,813561,5
53799,812272,3
53799,811939,3
64272,912649,5
64272,817355,4
64272,814234,3
64272,813790,7
64272,813142,4
64272,812510,4
64272,812272,3
64272,811685,4
64272,811412,4
64272,810555,3
64272,809434,4
64272,806307,3
64272,805884,3
64272,804463,3
64272,803316,3
71443,911200,4
71443,816121,6
71443,814234,5
71443,813790,5
71443,811685,5
71443,811412,4
71443,809434,4
71443,806307,3
71443,804463,3
71443,802154,4
80766,910238,5
80766,801107,5
82990,816121,3
82990,814234,10
82990,813790,10
82990,812510,8
82990,811412,9
82990,809434,15
82990,808235,6
82990,806307,11
82990,805884,8
82990,805868,6
82990,803316,13
91500,817053,3
91500,808550,4
91500,805934,3
91500,801107,5
91500,515785,10
91500,14154,3
106125,906654,10
106125,904042,8
106125,811281,18
106125,811040,6
106125,809272,13
106125,808964,6
106125,808550,10
106125,808530,4
106125,806060,3
106125,802633,18
106125,802184,6
106125,801107,23
106125,800967,6
106125,11540,5
110353,808187,7
110353,807262,3
110353,805487,4
110353,802882,11
110353,801107,7
143196,904639,3
143196,904042,4
143196,809272,3
143196,808550,13
143196,806767,3
143196,806088,7
143196,806060,6
143196,805934,6
143196,805084,3
143196,802633,12
143196,801618,5
143196,801107,21
143196,515785,5
143196,63109,4
143196,11540,8
179459,909716,4
179459,908617,5
179459,906481,9
179459,817898,3
179459,815965,4
179459,811775,3
179459,811549,4
179459,808237,7
179459,807851,7
179459,803860,8
179459,78326,13
104605,909250,3
104605,905303,3
104605,818353,7
104605,817167,5
104605,816372,4
104605,816120,4
104605,814667,3
104605,814530,5
104605,813457,3
104605,811598,8
104605,811364,12
104605,811152,8
104605,810570,10
104605,810530,5
104605,810486,10
104605,809603,4
104605,808880,3
104605,808383,3
104605,808180,4
104605,807330,3
104605,805702,3
104605,805701,6
104605,804838,6
104605,802566,5
104605,802296,3
126215,924901,4
126215,924883,11
126215,911917,4
126215,814815,4
126215,813482,3
126215,812229,3
126215,811942,4
126215,809634,3
126215,807416,4
126215,803575,4
126215,802766,5
126215,802533,6
126215,801266,4
126215,800063,5
128834,804689,4
128834,803042,3
128834,802296,24
128834,801861,3
128834,801266,9
128834,800071,13
128834,904263,8
128834,817579,3
128834,815208,3
128834,814667,3
128834,814530,5
128834,813457,3
128834,813247,4
128834,812612,4
128834,812451,5
128834,811598,11
128834,811364,3
128834,810570,3
128834,810486,14
128834,809603,8
128834,809106,9
128834,808935,15
128834,808880,4
128834,808180,6
128834,807960,9
128834,807251,4
128834,805701,4
128834,805545,3
140432,904263,4
140432,817167,5
140432,815768,5
140432,812136,3
140432,802192,4
141508,909250,3
141508,816459,3
141508,815208,3
141508,814321,3
141508,813247,3
141508,809603,3
141508,809466,3
141508,808180,5
141508,804676,4
141508,803042,7
141508,802192,6
141508,800071,15
141508,800063,7
143017,905303,4
143017,818353,24
143017,816120,3
143017,815041,6
143017,814281,5
143017,811364,6
143017,811152,22
143017,810570,7
143017,810542,4
143017,807100,3
143017,805701,9
143017,804838,11
143017,804676,11
143017,803042,3
143017,802566,11
143017,802296,3
147908,907602,3
147908,818353,15
147908,811152,4
147908,804676,5
163274,912500,8
163274,907826,3
163274,813849,4
163274,813606,8
163274,812136,6
163274,810486,3
163274,808717,3
163274,807960,3
163274,804689,5
163274,803197,3
293667,933278,4
293667,919485,3
293667,911812,3
293667,815768,4
293667,815208,4
293667,814667,3
293667,814521,9
293667,813849,3
293667,813606,3
293667,812644,4
293667,811598,3
293667,811364,4
293667,811238,3
293667,810486,14
293667,808717,5
293667,808450,6
293667,808383,3
293667,807960,7
293667,807251,3
293667,804689,6
293667,803197,9
293667,802296,4
293667,802192,5
293667,801657,5
293667,800071,3
808502,919485,7
808502,909250,3
808502,816459,3
808502,816120,3
808502,815768,4
808502,815208,5
808502,814919,3
808502,814530,4
808502,812612,5
808502,811364,3
808502,811152,3
808502,810486,3
808502,809603,8
808502,809553,3
808502,809106,4
808502,808935,10
808502,808880,5
808502,808180,4
808502,807960,5
808502,807251,13
808502,805701,4
808502,805545,3
808502,804689,10
808502,803042,4
808502,802566,3
808502,802296,21
808502,801861,11
808502,801266,4
808502,800071,13
808502,800063,3
808502,21182,3
810577,919485,5
810577,912500,4
810577,904263,3
810577,813457,3
810577,812136,3
810577,811364,3
810577,810486,9
810577,809106,9
810577,808935,3
810577,808880,7
810577,808717,3
810577,807960,7
810577,807251,8
810577,804689,3
810577,803197,3
810577,802566,3
810577,802296,7
810577,801657,6
810577,800071,3
818321,903400,10
818321,809721,6
818321,808187,3
818321,808156,3
818321,807978,5
818321,807580,5
818321,807262,5
818321,806974,3
818321,805487,10
818321,802882,10
818321,801107,17
818321,800967,6
818321,800943,4
819215,903400,3
819215,811281,3
819215,805622,3
819215,802184,6
819215,801107,6
819215,342502,5
818610,907594,5
818610,809219,4
818610,805622,3
818610,803860,3
820083,903400,10
820083,812482,3
820083,809140,3
820083,802184,7
805510,817794,3
805510,816120,3
805510,814314,3
805510,812644,3
805510,812476,4
805510,812182,4
805510,809603,3
805510,808935,4
805510,808180,6
805510,803042,3
805510,803007,3
805510,802192,5
817442,904945,3
817442,818353,3
817442,816120,3
817442,814530,4
817442,812288,3
817442,811598,6
817442,808935,4
817442,807330,4
817442,805728,5
817442,803007,26
819330,924901,3
819330,924883,5
819330,902790,4
819330,808366,4
819330,806116,5
819330,803575,3
819330,801266,4
83137,911832,3
83137,904263,3
83137,814530,3
83137,814521,4
83137,11540,3
99240,818353,3
99240,816120,5
99240,810542,3
99240,1052546574,3
108941,933278,3
108941,912500,4
108941,911832,4
108941,818353,7
108941,817167,13
108941,815041,3
108941,814667,4
108941,813247,3
108941,812644,3
108941,812307,3
108941,811364,7
108941,811238,3
108941,811152,15
108941,810570,12
108941,810530,10
108941,810486,4
108941,808776,14
108941,805701,8
108941,804838,8
108941,18572,3
124189,912500,5
124189,814521,3
124189,811364,6
124189,811152,7
124189,810486,3
147452,919485,4
147452,904263,4
147452,817167,6
147452,814667,4
147452,814281,3
147452,811616,3
147452,811152,4
147452,810570,14
147452,810486,7
147452,808880,8
147452,808383,7
205440,924883,12
205440,813153,6
205440,808935,5
205440,807416,5
205440,804999,3
205440,803575,11
205440,802766,7
205440,802533,4
205440,802410,3
205440,802323,3
205440,801266,14
205440,800063,6
205440,342502,4
759238041,816612,8
759238041,806838,9
759238041,100012,5
759238041,21182,13
58756,801107,4
82781,817898,4
82781,815965,4
82781,807851,3
82781,802092,4
90840,904042,5
90840,816121,3
90840,811281,6
90840,811040,4
90840,810013,6
90840,809272,13
90840,808550,12
90840,807978,3
90840,806088,3
90840,805487,7
90840,804304,3
90840,803869,4
90840,802882,7
90840,802633,26
90840,801107,36
90840,800967,4
90840,800071,8
90840,169836,3
90840,11540,8
90840,906654,19
100755,911200,5
100755,906481,7
100755,812570,4
100755,812184,3
100755,811412,3
100755,811210,8
100755,809399,5
100755,808768,4
108339,807262,6
108339,802882,6
108339,800063,5
140838,906654,4
140838,904042,10
140838,811281,5
140838,811040,3
140838,809649,5
140838,809272,6
140838,809219,17
140838,809059,5
140838,808955,3
140838,808530,7
140838,804304,3
140838,802633,5
140838,802184,21
140838,801107,5
140838,169836,4
140838,18714,11
145804,810742,5
145804,809649,4
145804,804205,10
815450,816014,4
815450,809603,6
815450,805545,3
815450,804999,4
815450,803042,14
815450,802192,6
815450,801861,3
54088,904639,7
54088,904042,7
54088,903400,5
54088,811896,3
54088,810579,4
54088,809174,3
54088,805487,8
54088,802882,12
54088,802633,4
54088,801141,8
54088,801107,6
54088,800943,5
54088,800063,4
110202,911200,3
110202,910339,3
110202,817005,4
110202,815847,4
110202,815436,4
110202,815201,4
110202,813991,6
110202,812570,3
110202,812510,4
110202,812407,7
110202,812184,19
110202,812085,5
110202,811775,4
110202,811549,8
110202,811495,5
110202,811412,3
110202,811211,6
110202,811210,6
110202,809650,3
110202,809555,7
110202,809399,9
110202,808768,7
110202,808237,7
110202,805884,4
110202,804768,3
110202,802566,3
111859,911200,3
111859,909716,4
111859,906654,23
111859,905303,13
111859,817005,5
111859,815436,5
111859,813991,5
111859,812407,9
111859,812184,6
111859,811939,3
111859,808434,3
111859,808237,3
111859,807851,5
111859,807745,3
111859,807202,26
111859,803860,32
111859,802704,11
111859,802566,5
111859,45062,14
125825,812570,4
125825,809381,3
125825,802154,8
144434,908617,5
144434,906654,27
144434,905303,4
144434,815847,3
144434,815436,5
144434,815201,4
144434,814711,3
144434,812407,8
144434,812184,3
144434,812085,3
144434,811495,4
144434,808487,3
144434,804688,7
144434,802566,8
144434,801272,3
144434,45062,3
148769,817627,3
148769,817005,3
148769,807660,6
148769,804205,7
99260,808955,3
99260,808530,4
107137,803869,3
112349,800063,3
118641,907594,3
118641,906654,9
118641,904042,5
118641,811281,7
118641,811040,3
118641,810742,13
118641,809272,9
118641,808530,5
118641,806060,3
118641,802633,10
118641,802184,8
118641,801107,11
118641,169836,3
118641,11540,3
138981,904042,3
138981,811040,3
138981,809649,3
138981,809219,7
138981,808530,3
138981,804205,3
138981,803869,3
138981,802184,9
138981,801107,3
138981,18714,3
813714,906481,4
813714,904639,21
813714,817011,5
813714,810555,4
813714,810013,9
813714,810005,9
813714,809417,4
813714,807978,3
813714,806307,4
813714,805084,9
71760,903400,9
71760,814060,3
71760,801107,9
80279,910238,3
80279,808550,4
80279,806088,3
80279,801618,3
80279,801107,7
80279,515785,4
80279,27135,3
94603,904042,5
94603,810381,3
94603,809272,6
94603,807262,7
94603,803469,4
94603,801141,7
94603,801107,3
94603,800967,9
168334,817627,5
168334,810742,4
168334,805302,14
168334,804304,3
168334,804205,6
168334,803950,4
168334,803869,4
168334,801618,7
168334,515785,5
168334,14154,3
200165,904042,5
200165,821186,3
200165,816175,7
200165,811281,5
200165,810381,4
200165,809272,5
200165,809221,3
200165,808964,6
200165,804205,3
200165,802184,5
200165,801107,7
118074272,816175,5
118074272,811896,3
118074272,811281,10
118074272,809496,3
118074272,802184,6
118074272,801107,4
87481,924883,25
87481,912164,4
87481,904813,4
87481,902790,11
87481,814790,5
87481,809813,3
87481,809369,3
87481,809118,4
87481,808044,6
87481,807228,3
87481,806816,3
87481,806116,3
87481,804999,3
87481,803575,4
87481,802766,12
87481,802533,9
87481,801266,19
87481,800063,3
111577,924901,4
111577,924883,13
111577,912164,3
111577,911917,3
111577,902790,9
111577,814790,3
111577,806816,4
111577,804999,3
111577,802766,5
111577,802533,8
111577,801266,10
119228,931656,3
119228,924883,6
119228,904813,4
119228,902790,5
119228,816612,14
119228,814790,6
119228,813153,3
119228,810441,9
119228,810417,5
119228,809918,5
119228,809813,3
119228,809672,17
119228,809199,27
119228,809118,4
119228,806838,7
119228,805548,5
119228,805372,3
119228,804304,3
119228,803609,11
119228,803575,12
119228,803042,4
119228,802766,10
119228,802410,3
119228,802399,15
119228,802323,7
119228,801266,69
119228,21182,21
153572,813153,10
153572,810441,3
153572,809369,4
153572,809199,10
153572,809059,6
153572,808935,3
153572,808044,3
153572,807952,4
153572,807230,7
153572,806838,4
153572,805809,6
153572,803609,3
153572,803575,3
153572,803042,16
153572,803007,4
153572,802766,8
153572,801266,33
153572,801189,7
153572,800518,4
153572,800071,8
153572,342502,9
153572,21182,6
153572,904945,3
153572,902790,3
176396,924883,6
176396,919485,5
176396,816459,5
176396,809106,5
176396,808717,3
176396,802192,11
98952,904639,7
98952,813422,3
98952,807262,3
98952,806767,9
98952,802633,3
98952,801107,16
98952,800063,4
98952,258513,3
98952,14154,3
103311,911200,3
103311,905303,4
103311,817005,9
103311,815436,6
103311,815201,3
103311,813991,12
103311,812407,15
103311,812184,4
103311,811939,6
103311,811210,4
103311,808768,3
103311,807202,4
103311,805884,3
103311,802566,3
122460,815428,3
122460,811685,7
122460,809555,4
122460,809417,4
122460,807851,6
122460,806767,5
122460,806307,3
122460,805933,4
122460,801272,4
122460,800071,3
133389,912649,7
133389,911200,5
133389,815160,10
133389,814583,6
133389,813790,3
133389,813127,3
133389,812570,3
133389,812184,7
133389,811685,10
133389,811210,5
133389,809434,5
133389,808235,4
133389,806307,4
133389,805884,3
133389,805868,6
133389,804768,6
133389,804463,6
138205,805416,3
138205,802633,4
138205,802184,10
138205,18714,11
138205,907594,4
138205,906654,4
138205,904042,19
138205,811281,5
138205,809649,9
138205,809219,7
138205,808955,4
138205,808530,5
907600,818120,3
907600,813482,3
907600,803261,18
907600,802558,4
907600,18572,3
819835,816612,4
819835,810944,4
819835,809369,3
819835,807423,5
819835,806838,4
819835,803609,6
819835,802766,10
819835,21182,3
84556,1052546574,3
84556,822417,3
84556,816014,3
84556,811598,3
84556,811026,3
84556,810333,3
84556,804676,4
100532,818353,3
100532,811364,4
100532,811238,4
100532,810818,4
100532,810542,4
100532,810353,4
100532,810333,3
104610,933278,7
104610,911832,4
104610,818353,4
104610,812201,4
104610,811352,8
104610,808880,5
106132,907602,3
106132,811026,3
106132,810353,3
107282,905303,4
107282,812612,3
107282,810542,3
107282,805728,3
107282,805701,8
107282,805545,3
107282,803007,3
107282,802566,4
138625,816612,3
138625,810951,3
138625,805934,3
138625,802399,14
138625,801974,11
138625,801870,4
138625,801266,10
138625,14154,3
115809,933397,4
115809,911200,3
115809,910339,4
115809,905303,6
115809,815847,7
115809,815160,4
115809,814583,5
115809,813841,4
115809,812407,7
115809,812184,5
115809,811549,10
115809,811412,3
115809,809555,3
115809,809434,5
115809,809417,5
115809,808237,13
115809,807851,11
115809,804688,3
115809,802704,16
115809,802566,8
115809,802092,12
115809,801982,4
115809,801107,3
115809,800071,4
115809,83621,4
118236,802092,9
118236,45062,6
118236,906654,9
118236,905303,11
118236,814114,3
118236,813991,7
118236,813841,4
118236,812407,14
118236,812184,13
118236,811775,9
118236,811549,4
118236,811210,3
118236,811160,3
118236,809399,4
118236,808768,6
118236,808434,6
118236,808237,11
118236,807851,3
118236,807202,16
118236,804688,3
118236,803860,10
118236,802704,22
118236,802566,18
160875,903400,3
160875,809174,5
160875,807580,7
160875,807262,7
160875,806974,4
160875,805487,7
160875,802882,5
160875,801107,3
910090,933397,9
910090,906654,13
910090,905303,6
910090,819660,7
910090,817589,3
910090,815847,7
910090,813841,7
910090,813561,3
910090,812604,6
910090,812407,7
910090,811939,4
910090,811775,3
910090,811299,3
910090,808434,15
910090,808237,9
910090,807851,5
910090,807202,12
910090,803860,32
910090,802704,18
910090,802566,3
910090,802092,13
910090,801982,3
910090,514021,3
910090,83621,5
910090,45062,4
910090,14569,3
816960,909716,4
816960,906481,3
816960,820900,4
816960,813841,4
816960,809174,5
816960,808434,19
816960,808237,11
816960,803860,20
817870,903400,3
817870,808931,4
817870,808187,4
817870,808156,4
817870,807978,3
817870,807580,3
817870,807262,5
817870,806974,4
817870,801107,14
817870,800967,4
821277,903400,4
821277,808187,6
821277,807580,5
821277,807262,3
821277,801107,18
174277,810441,4
174277,810417,4
174277,808746,6
174277,804054,7
174277,803261,8
174277,801266,3
174277,21182,20
174277,18572,3
174277,910718,7
174277,910612,4
174277,817053,3
174277,813744,4
174277,813584,5
188043,911703,5
188043,910718,6
188043,910612,6
188043,816612,4
188043,810441,11
188043,809199,10
188043,804054,3
188043,803261,5
188043,801266,6
188043,21182,26
206485,911703,4
206485,910612,6
206485,902790,4
206485,816612,7
206485,811004,3
206485,810441,3
206485,809199,4
206485,808746,3
206485,807416,6
206485,803609,3
206485,803575,3
206485,802766,7
206485,802399,3
206485,801974,6
206485,801266,23
206485,800063,3
206485,100012,4
206485,27478,3
206485,21182,6
816074,935925,3
816074,911703,3
816074,910718,9
816074,816612,4
816074,816009,3
816074,810441,7
816074,809199,3
816074,809059,4
816074,807416,4
816074,806242,3
816074,803609,7
816074,802766,5
816074,801266,16
816074,801189,4
816074,800518,6
816074,21182,31
124465,924883,13
124465,812229,3
124465,809813,5
124465,803575,6
124465,802766,10
124465,801266,17
124465,800071,6
124465,800063,5
136454,908251,4
136454,905303,24
136454,815041,7
136454,814321,8
136454,814281,3
136454,811961,3
136454,811323,10
136454,811152,14
136454,810530,3
136454,808935,6
136454,807100,7
136454,805701,8
136454,804838,3
136454,804676,3
136454,803042,6
136454,803007,24
136454,802566,13
136454,802296,9
136454,800564,5
323454,817167,5
323454,814521,5
323454,812136,6
323454,810570,7
323454,810486,4
323454,809466,3
323454,808880,3
323454,808383,4
323454,802192,3
547197,912500,7
547197,911812,6
547197,907826,3
547197,904263,3
547197,816372,5
547197,814667,3
547197,814521,3
547197,812136,6
547197,811364,4
547197,810486,7
547197,809466,4
547197,808880,3
547197,808450,15
547197,808383,5
547197,807960,10
547197,804689,16
547197,803197,5
95011,911091,3
95011,817355,3
95011,817053,5
95011,803469,11
95011,801141,19
95011,801107,4
95011,800967,3
95011,800943,5
95011,27135,3
105240,911091,4
105240,818120,3
105240,817836,3
105240,811281,3
105240,809272,8
105240,808964,6
105240,805302,11
105240,803469,5
105240,801618,4
105240,801141,4
105240,801107,3
105240,518123,4
139217,935793,3
139217,821186,4
139217,818120,5
139217,817355,3
139217,816175,4
139217,808964,4
139217,805302,11
139217,804304,3
139217,803469,3
139217,801618,4
139217,801141,4
139217,518123,5
161704,904042,6
161704,817355,6
161704,816175,4
161704,808964,7
161704,805416,4
161704,805302,8
161704,518123,11
111052,933397,4
111052,910339,10
111052,906654,3
111052,817898,3
111052,817589,5
111052,815847,5
111052,815806,4
111052,815160,4
111052,813841,5
111052,812184,3
111052,811685,5
111052,811549,5
111052,811412,3
111052,809434,4
111052,808768,6
111052,808237,7
111052,807978,10
111052,807851,12
111052,806767,9
111052,806307,7
111052,805933,4
111052,804768,3
111052,802704,24
111052,802154,4
111052,802092,7
111052,801982,3
111052,800071,19
136203,904639,6
136203,810555,5
136203,806767,25
136203,802633,9
136203,801107,24
136203,800063,6
139218,933397,3
139218,906654,30
139218,902294,4
139218,817898,3
139218,815965,5
139218,815428,4
139218,815118,3
139218,814169,4
139218,813841,3
139218,812604,3
139218,811299,9
139218,810013,3
139218,809555,3
139218,809272,13
139218,808931,3
139218,807978,14
139218,807851,8
139218,804164,9
139218,803860,16
139218,802704,17
139218,802092,5
139218,801982,3
139218,800822,8
139218,800071,4
145433,936263,3
145433,912649,8
145433,912300,3
145433,910339,4
145433,814852,3
145433,814583,4
145433,813841,10
145433,813790,5
145433,813142,5
145433,812938,4
145433,812272,5
145433,812184,4
145433,811775,3
145433,811685,6
145433,811412,11
145433,811211,4
145433,811210,3
145433,809555,3
145433,809399,3
145433,808237,7
145433,808235,6
145433,807851,9
145433,806767,10
145433,806307,3
145433,805884,4
145433,802704,8
145433,802092,6
145433,800071,4
813795,817053,3
813795,805302,14
813795,804688,4
813795,804205,3
343341,907594,9
343341,904042,4
343341,811281,3
343341,811040,3
343341,810074,4
343341,809272,4
343341,809219,3
343341,803469,3
343341,18714,3
396040,816175,4
396040,812604,3
396040,811896,3
396040,808964,3
396040,804205,3
396040,801640,5
396040,22210,3
396040,11540,3
442398895,907594,4
442398895,806396,3
442398895,803860,5
442398895,802184,5
129361,904639,16
129361,812071,9
129361,810555,10
129361,810511,3
129361,810434,4
129361,809314,4
129361,806463,3
129361,801141,5
129361,801107,15
129361,515785,4
129361,258513,3
129361,34664,3
129361,27135,3
129361,14154,8
197418,810226,4
197418,805964,6
197418,801640,3
835497339,933397,3
835497339,906654,4
835497339,815428,3
835497339,814169,4
835497339,813841,3
835497339,812085,3
835497339,808434,4
835497339,808237,5
835497339,807851,10
835497339,807033,3
835497339,804164,3
835497339,802154,7
835497339,802092,4
78845,931656,6
78845,924901,10
78845,924883,4
78845,910013,4
78845,909392,9
78845,902790,3
78845,816860,4
78845,814790,7
78845,813482,8
78845,807416,4
78845,805781,3
78845,802766,4
78845,801266,6
145554,924901,3
145554,909392,3
145554,907826,4
145554,814919,3
145554,807960,3
145554,806088,3
145554,805934,3
145554,804689,13
145554,802533,3
145554,801266,40
145554,800071,3
145554,800063,4
145554,21182,5
145554,11540,6
99217,906654,4
99217,813422,7
99217,811040,7
99217,809272,9
99217,805487,6
99217,803950,3
99217,803869,6
99217,802633,11
99217,802323,5
99217,801107,76
99217,800967,3
99217,800063,3
109521,912649,3
109521,814234,6
109521,814104,3
109521,813790,5
109521,813142,5
109521,812570,4
109521,812272,4
109521,811685,4
109521,811210,4
109521,809434,9
109521,808768,3
109521,808235,9
109521,806307,6
109521,805884,5
109521,805868,3
109521,804463,12
123566,814234,4
123566,813790,6
123566,813142,5
123566,812272,5
123566,812085,5
123566,811685,10
123566,811210,6
123566,809434,6
123566,809399,3
123566,808235,7
123566,806767,3
123566,806307,6
123566,805868,4
123566,804463,13
817907,816014,4
817907,812288,3
817907,811715,3
817907,811323,5
817907,810359,3
817907,809283,3
817907,808935,5
817907,808180,5
817907,805728,4
817907,803007,13
818337,816014,4
818337,812612,3
818337,811715,5
818337,809283,5
818337,808935,6
818337,807330,3
818337,803007,28
818337,801861,3
200867,1051211885,4
200867,924901,24
200867,919485,3
200867,910784,3
200867,904945,3
200867,811559,8
200867,809553,3
200867,808044,5
200867,802533,4
813734,1051211885,6
813734,936618,3
813734,924901,3
813734,817579,3
813734,814919,6
813734,805702,3
813734,802192,3
813734,801266,10
129575132,924901,3
129575132,912164,7
129575132,904945,5
129575132,814919,3
129575132,811559,6
129575132,809603,4
129575132,808935,5
129575132,808702,3
129575132,808180,5
129575132,807330,3
129575132,806116,4
129575132,804676,3
134187,924883,7
134187,909392,4
134187,816860,6
134187,813482,4
134187,811600,3
134187,805781,4
134187,804689,4
134187,802533,3
134187,11540,3
150265,817794,3
150265,817579,4
150265,810818,4
150265,807100,4
150265,805728,5
150265,803007,4
150265,518123,4
120318,911832,13
120318,907602,3
120318,818353,13
120318,817167,3
120318,815041,4
120318,812307,3
120318,811364,10
120318,811352,3
120318,811152,12
120318,810570,7
120318,810486,5
120318,808776,3
120318,805701,6
120318,326964,11
147493,908251,9
147493,905303,7
147493,814919,3
147493,811961,6
147493,811323,4
147493,809283,4
147493,809199,6
147493,808935,10
147493,807100,8
147493,806838,3
147493,805728,9
147493,805701,13
147493,804838,5
147493,803042,17
147493,803007,69
147493,802566,18
147493,802296,10
147493,801861,5
147493,800564,7
147493,21182,3
147493,1052546574,3
285743,805934,9
285743,804689,13
285743,804304,3
285743,803042,3
285743,802533,24
285743,801974,3
285743,801266,36
285743,800071,12
285743,42102,3
285743,23715,5
285743,21182,7
285743,11540,10
285743,924901,4
285743,924883,7
285743,909250,3
285743,810441,5
285743,809672,6
285743,809199,6
285743,808550,3
56694,818353,4
128061,931656,8
128061,924901,3
128061,910013,4
128061,909392,5
128061,907826,3
128061,904813,5
128061,813482,7
128061,813106,5
128061,811600,8
128061,810951,4
128061,805781,5
128061,804689,8
128061,803995,4
128061,801266,3
128061,800063,4
128061,540462,4
128061,27792,5
78117,904042,3
78117,817836,3
78117,816087,3
78117,809272,4
78117,806088,3
78117,806060,4
78117,803469,7
78117,801141,15
78117,801107,5
104481,818252,3
104481,808955,4
131475,821186,3
131475,819236,3
131475,818252,3
131475,818120,3
131475,817355,4
131475,816175,12
131475,816087,5
131475,811040,4
131475,810381,5
131475,809272,4
131475,808964,5
131475,805302,10
131475,804205,5
147266,905303,13
147266,817794,3
147266,814530,3
147266,812612,3
147266,811961,6
147266,811598,3
147266,811323,9
147266,809199,6
147266,808935,10
147266,808702,3
147266,808180,12
147266,807330,15
147266,807100,7
147266,805728,5
147266,805701,7
147266,803007,20
147266,802566,12
147266,802296,24
147266,802192,3
147266,801861,9
147266,800564,3
147266,1052546574,3
165905,818353,6
165905,816120,6
165905,811598,3
140748,904945,5
140748,817794,4
140748,811616,4
244965,800071,3
85566,904639,10
85566,904042,3
85566,816087,3
85566,810555,4
85566,808550,6
85566,806463,5
85566,806088,9
85566,805934,4
85566,802633,8
85566,801618,7
85566,801141,3
85566,801107,17
85566,14154,3
85566,11540,4
154348,810742,5
154348,809649,3
154348,808955,3
154348,808530,4
154348,801107,4
154348,11540,3
816072,818252,4
816072,808530,8
816072,802633,7
816072,801618,6
816072,27135,5
816072,23882,12
816072,11540,4
71393,903400,7
71393,810579,6
71393,809721,3
71393,808081,3
71393,807978,5
71393,807580,5
71393,807262,5
71393,805487,12
71393,802882,11
71393,801107,21
71393,800967,5
71393,514021,3
121271,907594,3
121271,906654,9
121271,903400,7
121271,814465,8
121271,811281,7
121271,809496,5
121271,809272,5
121271,808931,5
121271,807978,18
121271,807262,3
121271,806974,4
121271,805487,19
121271,803860,3
121271,802882,5
121271,802323,6
121271,802184,11
121271,801107,45
121271,800967,4
121271,514021,13
121271,18714,3
121271,14569,3
109214,818120,6
109214,817355,4
109214,806060,3
109214,803575,5
109214,802399,8
109214,801974,5
109214,801266,3
109214,27478,36
109214,931656,17
109214,924901,5
912864,809892,4
912864,808746,9
912864,803261,11
912864,801520,3
912864,801266,17
912864,515785,4
912864,27478,13
912864,21182,13
912864,18572,13
912864,931656,3
912864,911091,5
912864,910718,5
912864,821186,3
912864,818501,3
912864,817053,9
912864,816879,3
912864,816009,3
912864,813584,8
150724,924901,10
150724,822288,3
150724,820652,6
150724,818120,3
150724,814909,3
150724,814550,3
150724,813482,4
150724,805781,6
150724,804712,3
150724,804689,10
150724,803995,6
150724,801266,7
150724,800071,3
150724,800063,12
150724,21182,6
99407,904639,8
99407,810434,4
99407,801107,10
99407,515785,5
99407,27135,4
99407,14154,5
818292,810855,4
818292,803860,11
124570,817627,3
124570,810742,4
124570,804205,14
124570,801107,8
132393,815962,3
132393,810742,13
132393,809649,5
132393,808955,4
132393,804205,22
132393,800071,3
132393,800063,4
102868,935925,6
102868,931656,9
102868,911832,3
102868,910784,6
102868,910612,4
102868,902790,3
102868,817053,3
102868,816879,12
102868,807416,5
102868,805934,6
102868,802399,3
102868,801974,4
102868,801266,14
102868,27478,3
102868,21182,3
263403,935925,3
263403,911703,3
263403,910718,9
263403,910612,4
263403,816612,5
263403,813744,3
263403,809199,9
263403,809059,3
263403,801266,3
263403,801189,3
263403,800518,3
263403,21182,21
54772,903400,8
54772,810579,4
54772,808156,4
54772,805487,3
54772,802882,28
54772,802633,5
54772,801107,15
54772,800967,3
54772,800943,7
54772,800063,4
188093,906654,19
188093,904042,4
188093,808487,5
188093,805302,6
188093,803869,13
188093,801107,9
188093,800071,4
188093,800063,6
188093,11540,3
117729,809555,4
117729,805933,3
117729,802882,3
117729,802154,4
188368,907967,4
188368,904639,4
188368,815806,3
188368,814465,3
188368,810013,4
188368,809417,4
188368,809140,3
188368,808081,7
188368,807978,4
188368,802882,5
188368,802633,4
188368,78326,5
356694,910718,4
356694,903314,5
356694,807966,7
356694,804996,12
356694,803609,3
356694,21182,18
319464846,924883,3
319464846,919485,4
319464846,816014,3
319464846,812476,7
319464846,808935,3
319464846,808702,4
319464846,808180,5
319464846,802192,13
145821,911172,4
145821,910612,8
145821,816612,5
145821,810441,4
145821,809672,3
145821,809199,8
145821,807952,5
145821,806838,4
145821,804676,3
145821,804376,4
145821,803869,4
145821,803824,4
145821,803042,11
145821,802533,5
145821,801974,5
145821,801870,4
145821,801266,16
145821,800518,10
145821,800071,7
145821,21182,3
145821,11540,3
807074,910612,4
807074,816612,9
807074,815208,3
807074,810441,11
807074,809672,5
807074,809199,10
807074,806838,4
807074,806060,5
807074,805934,3
807074,805809,4
807074,804676,4
807074,804304,5
807074,803995,3
807074,803869,3
807074,803824,10
807074,803042,17
807074,802533,22
807074,802399,18
807074,801974,29
807074,801870,16
807074,801266,38
807074,800518,7
807074,800063,3
807074,21182,10
807074,11540,4
109547,811211,4
109547,804688,3
109547,804205,3
109547,518123,6
109547,908617,4
125890,903400,5
125890,811628,3
125890,805487,7
125890,801107,19
125890,800967,4
149586,906654,9
149586,815965,5
149586,811775,3
149586,811495,3
149586,811299,4
149586,810472,3
149586,809407,7
149586,803860,36
149586,802704,3
149586,802092,5
149586,800063,4
149586,514021,9
149586,14569,12
136883,924883,8
136883,911172,6
136883,904945,3
136883,902790,5
136883,816612,4
136883,815208,3
136883,813153,8
136883,810441,12
136883,809918,3
136883,809672,5
136883,809496,4
136883,809369,7
136883,809199,16
136883,809059,7
136883,808958,3
136883,808550,4
136883,806838,3
136883,805934,5
136883,805809,7
136883,803824,3
136883,803609,4
136883,803575,8
136883,803042,17
136883,802766,8
136883,802633,4
136883,802533,26
136883,801870,3
136883,801266,51
136883,800518,5
136883,800071,12
136883,800063,6
136883,342502,9
136883,21182,12
136883,11540,6
96002,806767,11
96002,805084,3
96002,802882,4
96002,802633,4
96002,801107,5
96002,800063,5
96002,258513,5
155035,911172,5
155035,818501,3
155035,816612,3
155035,809892,4
155035,809672,3
155035,803824,6
155035,801974,16
155035,801870,5
155035,515785,6
155035,21182,16
215290,909250,3
215290,816612,10
215290,805021,4
215290,804304,12
215290,803869,11
215290,803261,16
215290,801870,11
215290,801266,3
215290,100012,4
215290,21182,6
215290,20234,6
215290,14154,3
139538,906654,19
139538,905303,21
139538,815965,5
139538,815847,4
139538,815806,3
139538,815436,5
139538,814690,4
139538,812604,4
139538,812407,4
139538,811299,3
139538,809272,4
139538,808434,6
139538,807202,5
139538,804463,3
139538,803860,96
139538,802704,14
139538,802566,11
139538,802092,11
139538,45062,20
250927,911172,9
250927,816612,13
250927,815208,4
250927,812138,3
250927,811830,8
250927,810441,3
250927,809672,3
250927,806838,7
250927,804304,9
250927,803609,3
250927,803042,6
250927,801266,8
250927,800518,13
250927,800071,8
250927,21182,3
811943,907594,9
811943,904042,3
811943,819236,3
811943,811281,6
811943,809272,10
811943,809219,6
811943,809174,4
811943,808964,3
811943,808187,5
811943,808081,4
811943,807978,14
811943,805487,16
811943,803469,3
811943,802882,3
811943,802633,4
811943,802323,4
811943,802184,3
811943,801107,46
811943,800967,3
811943,514021,4
811943,169836,6
811943,14569,3
811943,11540,3
129205,819660,3
129205,816121,11
129205,815160,4
129205,813790,4
129205,812510,5
129205,812272,3
129205,812184,7
129205,811685,4
129205,811412,7
129205,809555,4
129205,809434,3
129205,808237,11
129205,807250,4
129205,806767,13
129205,806307,3
129205,805884,5
129205,804768,3
129205,804688,6
129205,802092,3
129205,911200,3
129205,910339,3
240137,910612,3
240137,909250,3
240137,816612,8
240137,806838,18
240137,804304,18
240137,803869,8
240137,803261,8
240137,803042,7
240137,802558,3
240137,802399,5
240137,801974,4
240137,801870,3
240137,801266,13
240137,800071,3
240137,100012,6
240137,21182,6
101919,811040,3
101919,806463,4
101919,806088,3
101919,801107,11
101919,515785,8
101919,14154,9
101048,11540,3
101048,906654,19
101048,904042,4
101048,814465,7
101048,811281,16
101048,811040,5
101048,810013,3
101048,809272,20
101048,808530,4
101048,807978,8
101048,806088,3
101048,805934,3
101048,805487,10
101048,804304,4
101048,802882,6
101048,802633,20
101048,802184,7
101048,801107,32
101048,800967,9
101048,800071,7
101048,169836,4
542076,811152,7
542076,805702,3
542076,804676,10
542076,803042,14
542076,802566,4
542076,802296,4
542076,818353,13
542076,815208,4
542076,815041,4
542076,814321,3
452754,908251,4
452754,816014,4
452754,814314,4
452754,811961,4
452754,810818,6
452754,807330,3
452754,805728,7
452754,803007,6
129503,924883,13
129503,911917,3
129503,907826,5
129503,815208,3
129503,814815,5
129503,814790,5
129503,807416,3
129503,804689,9
129503,802766,3
129503,800071,5
129503,800063,7
150027,803824,3
150027,802399,9
150027,801974,8
150027,801266,7
161212,919485,3
161212,817579,5
161212,815208,3
161212,814919,4
161212,813457,5
161212,812182,3
161212,811961,4
161212,811715,5
161212,811598,8
161212,811323,3
161212,810359,5
161212,809603,9
161212,809369,8
161212,809283,6
161212,809199,6
161212,808935,5
161212,808366,5
161212,807330,5
161212,804999,3
161212,803042,35
161212,803007,9
161212,802296,13
161212,802192,9
161212,801861,9
161212,801189,6
161212,800063,4
172332,924883,20
172332,902790,4
172332,814790,5
172332,813153,3
172332,809813,3
172332,809118,5
172332,808044,4
172332,806816,5
172332,806116,7
172332,804999,7
172332,803575,12
172332,802766,7
172332,802533,4
172332,801266,24
172332,21182,3
203325,814815,3
203325,813482,4
203325,811600,6
203325,809918,3
203325,805781,6
203325,804689,8
203325,800071,9
203325,800063,4
203325,27792,5
1020257299,808187,5
1020257299,808081,4
1020257299,807978,5
1020257299,807580,3
1020257299,807262,5
1020257299,805487,5
1020257299,802882,4
1020257299,801107,7
1020257299,800967,3
1020257299,936263,4
1020257299,903400,3
1020257299,814465,4
1020257299,809721,4
1020257299,809174,5
251962,904042,7
251962,903400,6
251962,816175,8
251962,811281,4
251962,802184,3
251962,801107,13
581519998,910718,7
581519998,910612,6
581519998,816009,3
581519998,813584,4
581519998,810441,3
581519998,810417,3
581519998,809199,5
581519998,803261,11
581519998,801266,3
581519998,342502,3
581519998,100012,4
581519998,21182,10
193940,908251,9
193940,816014,3
193940,814530,5
193940,812138,3
193940,811715,5
193940,811323,7
193940,809813,4
193940,809283,9
193940,808935,6
193940,808180,4
193940,805545,4
193940,803042,18
193940,803007,27
193940,801861,3
193940,21182,3
814345,810742,4
814345,808955,3
814345,805302,7
814345,801618,9
155935,903400,4
155935,809721,3
155935,809140,4
155935,807978,4
155935,807262,5
155935,805487,4
155935,802882,4
155935,801107,6
155935,800967,3
155935,514021,13
155935,342502,3
155935,27735,3
155935,18714,3
155935,14569,6
817334,907594,3
817334,903400,8
817334,811040,3
817334,809272,6
817334,805487,8
817334,802184,4
817334,801107,20
817334,800967,5
817334,18714,3
168542,907594,11
168542,906654,14
168542,904042,5
168542,903400,5
168542,815118,3
168542,814465,3
168542,814060,3
168542,811281,13
168542,810013,5
168542,809272,10
168542,809219,3
168542,809174,5
168542,809059,4
168542,808931,3
168542,807978,5
168542,807262,5
168542,805487,11
168542,804164,3
168542,802882,4
168542,802184,7
168542,801107,42
168542,800967,11
168542,800063,3
168542,514021,15
168542,18714,9
168542,14569,4
98280,809314,3
98280,808187,3
98280,807262,6
98280,802882,11
98280,802633,4
98280,801107,7
98280,800071,4
98280,258513,4
98280,18714,3
721595680,907594,3
721595680,904042,7
721595680,816175,4
721595680,809496,4
721595680,802184,8
150277,804676,3
150277,801266,3
150277,801189,4
150277,800518,4
242617,807952,3
242617,805021,4
242617,803824,3
242617,803042,3
242617,802533,5
242617,802399,15
242617,801974,28
242617,801870,5
242617,801266,24
242617,21182,15
242617,11540,7
165036608,907967,3
165036608,812604,3
165036608,812482,3
165036608,808434,6
165036608,808237,6
165036608,802092,4
113655,911200,5
113655,812184,3
113655,811685,10
113655,811495,3
113655,811412,8
113655,811210,8
113655,804463,3
113655,802887,5
113655,801272,5
113655,27626,5
113655,14154,5
122141,903400,3
122141,808187,3
122141,807262,9
122141,806307,3
122141,805084,3
122141,802882,6
122141,802633,5
122141,801107,6
122141,800943,4
122141,800063,4
122141,514021,7
122141,18714,3
122141,10664,4
99569,933397,3
99569,912649,4
99569,816121,3
99569,812570,7
99569,811685,4
99569,809555,4
99569,809381,7
99569,806307,10
142880,935925,4
142880,931656,6
142880,911703,3
142880,910612,4
142880,903115,3
142880,902790,7
142880,816612,3
142880,816009,5
142880,813584,4
142880,810441,6
142880,809672,6
142880,809199,8
142880,808746,5
142880,807416,3
142880,806060,3
142880,802399,4
142880,801974,4
142880,801266,16
142880,27478,11
142880,21182,9
338575,909716,4
338575,810855,4
338575,810140,4
338575,808434,6
338575,808237,3
338575,807202,3
338575,803860,10
338575,802092,6
338575,14569,4
124567,904042,3
124567,809272,6
124567,808530,4
124567,803032,3
124567,802633,5
124567,801107,11
124567,169836,4
124567,11540,5
77796,912649,8
77796,816121,3
77796,812510,8
77796,812272,3
77796,812184,3
77796,805884,10
77796,804768,3
807758,931656,16
807758,818501,10
807758,818120,3
807758,817053,4
807758,816879,10
807758,810441,3
807758,809199,3
807758,806088,5
807758,803261,4
807758,801266,9
807758,27478,7
807758,21182,9
807758,18572,3
232250,906655,9
232250,906481,3
232250,814465,3
232250,809174,3
232250,808434,5
232250,807978,5
232250,802882,3
232250,802154,12
160004,809106,3
160004,808935,12
160004,808180,3
160004,807330,11
160004,807100,13
160004,805728,4
160004,805701,20
160004,805545,4
160004,803042,6
160004,803007,14
160004,802566,23
160004,802296,20
160004,801861,3
160004,909250,3
160004,905303,18
160004,818353,6
160004,816120,3
160004,814919,5
160004,814530,3
160004,813127,5
160004,812307,3
160004,811793,4
160004,811598,8
160004,811364,11
160004,811323,6
160004,811152,10
160004,810570,5
160004,810542,5
146426,931656,4
146426,911091,3
146426,910718,10
146426,910612,8
146426,821186,3
146426,818501,3
146426,818120,3
146426,817053,3
146426,816879,4
146426,816612,5
146426,813584,3
146426,810441,7
146426,810417,3
146426,809892,3
146426,809672,4
146426,809199,3
146426,808746,3
146426,805548,6
146426,804054,3
146426,803261,8
146426,801974,3
146426,801520,4
146426,27478,4
146426,21182,24
146426,18572,3
149456,911172,9
149456,910612,4
149456,816612,15
149456,813153,3
149456,810441,7
149456,809672,4
149456,809496,3
149456,807952,12
149456,806838,12
149456,804376,3
149456,804304,5
149456,803042,6
149456,802399,6
149456,801974,9
149456,800518,18
149456,342502,9
125942,904639,9
125942,817559,7
125942,812071,4
125942,810511,5
125942,809314,3
125942,808396,3
125942,807262,5
125942,806767,3
125942,801107,4
125942,34664,5
124505,902790,8
124505,821276,6
124505,816612,7
124505,814909,3
124505,810441,4
124505,809199,15
124505,808550,3
124505,806838,6
124505,806060,3
124505,805934,3
124505,805021,5
124505,804304,6
124505,803824,4
124505,803609,10
124505,803575,14
124505,802766,3
124505,802558,3
124505,802533,6
124505,802399,6
124505,802323,5
124505,801974,4
124505,801266,54
124505,800071,13
124505,21182,22
132009,21182,7
132009,11540,4
132009,911172,9
132009,904945,3
132009,816612,4
132009,813153,3
132009,811830,4
132009,810441,4
132009,809892,3
132009,809199,8
132009,809059,3
132009,807952,10
132009,806838,8
132009,805934,6
132009,805809,6
132009,804304,3
132009,803575,7
132009,803042,5
132009,802533,17
132009,802399,10
132009,801974,8
132009,801870,6
132009,801266,15
132009,801189,5
132009,800518,15
132009,800071,3
132009,800063,4
132009,342502,3
321904,903400,4
321904,815965,3
321904,811299,3
321904,807978,7
321904,807851,4
321904,804164,3
321904,803860,3
321904,802882,6
344330055,931656,4
344330055,910718,7
344330055,910612,8
344330055,818501,3
344330055,816879,3
344330055,803869,4
344330055,803261,4
344330055,801870,3
344330055,801138,3
