mcns,manc,type
810957,12781,SApp01
815827,23726,"SApp02,SApp03"
816971,167479,SApp
819101,31009,SApp08
904892,17784,SApp07
36718,20862,"SApp09,SApp22"
41670,24820,"SApp09,SApp22"
48437,32250,"SApp09,SApp22"
50292,32484,"SApp09,SApp22"
52279,25666,SApp08
57589,16377,SApp
57655,27763,"SApp09,SApp22"
57720,12982,SApp08
58424,26935,"SApp09,SApp22"
59144,12923,"SApp09,SApp22"
61672,27840,"SApp09,SApp22"
70598,11860,SApp08
75573,30797,SApp
78445,18185,SApp08
79510,16766,"SApp06,SApp15"
81283,28621,"SApp09,SApp22"
86945,28934,"SApp09,SApp22"
109763,15224,"SApp09,SApp22"
120242,31563,"SApp09,SApp22"
150303,30293,SApp
158563,34017,SApp
173256,17879,SApp
249650,27312,SApp
253152,49001,"SApp09,SApp22"
282750,21758,SApp
542621,37815,SApp08
814684,15876,"SApp09,SApp22"
89347,17870,"SApp09,SApp22"
119214,13391,"SApp09,SApp22"
119877,13275,"SApp09,SApp22"
128531,14921,"SApp09,SApp22"
133408,30598,SApp08
146224,14978,SApp
147170,20427,SApp
148634,13961,SApp
151156,28808,SApp
153644,32029,"SApp09,SApp22"
168613,17012,SApp
172868,14817,"SApp09,SApp22"
179610,17402,SApp
199918,18956,"SApp09,SApp22"
215306,17828,SApp
254178,13890,SApp
258572,18609,SApp
258686,18166,SApp
812596,21292,SApp
815986,27667,SApp
817462,53588193280,SApp
175249442,64875,SApp
82770,21556,"SApp09,SApp22"
89046,19545,"SApp09,SApp22"
93068,15599,SApp
101558,21968,"SApp09,SApp22"
117027,14968,SApp
122489,13677,"SApp09,SApp22"
122753,16443,"SApp09,SApp22"
122992,100774,"SApp09,SApp22"
137825,16645,"SApp09,SApp22"
159329,15646,"SApp06,SApp15"
165331,16673,"SApp09,SApp22"
170770,16799,SApp
184894,21953,SApp
218325,16927,"SApp09,SApp22"
255915,50540,SApp
261128,16061,SApp
816429,21924,SApp08
817091,15886,SApp
819678,20043,SApp
90679,18930,"SApp06,SApp15"
93838,15146,SApp
99350,39466,SApp
120857,32739,"SApp09,SApp22"
122413,31353,SApp
134546,26525,SApp
161542,38662,"SApp09,SApp22"
191517,39678,SApp
281933,16434,SApp
296168,43904,SApp
427343,50274,SApp
812914,26428,SApp
816063,14710,SApp
93955,10863,SApp08
96994,15714,SApp08
97567,14490,"SApp06,SApp15"
120169,15427,"SApp06,SApp15"
133908,23296,"SApp06,SApp15"
143082,19017,"SApp06,SApp15"
146485,46529,"SApp06,SApp15"
156308,20549,SApp
161422,16835,"SApp06,SApp15"
187182,23844,SApp08
516607,16688,SApp08
812667,15674,SApp08
146824,18718,SApp
159470,32641,SApp
212840,17016,SApp
280007,27548,SApp
282841,26021,SApp
287217,37976,SApp
312400,16043,"SApp06,SApp15"
403537,19859,SApp
495250,15106,SApp
816625,17821,SApp
817316,14969,SApp
303754631,176738,SApp
110525,177539,SApp
123524,16157,SApp
135347,32624,SApp
153564,28199,"SApp06,SApp15"
166044,18837,SApp
363069,24304,SApp
469267,151741,SApp
817526,104282,"SApp09,SApp22"
818414,29744,SApp
565883073,27278,SApp
43559,55360,"SApp09,SApp22"
53799,26134,"SApp09,SApp22"
64272,16104,"SApp09,SApp22"
71443,23352,"SApp09,SApp22"
80766,15725,SApp
82990,63568,"SApp09,SApp22"
91500,14861,"SApp06,SApp15"
106125,22498,"SApp06,SApp15"
110353,17425,SApp
143196,22052,"SApp06,SApp15"
179459,16693,"SApp09,SApp22"
104605,23675,"SApp09,SApp22"
126215,15884,SApp08
128834,23126,SApp
140432,15437,"SApp09,SApp22"
141508,24338,SApp
143017,32206,"SApp09,SApp22"
147908,18634,"SApp09,SApp22"
163274,24269,"SApp09,SApp22"
293667,22499,SApp
808502,17017,SApp
810577,22441,SApp
819215,53614,SApp07
818610,23584,SApp
820083,19470,SApp08
817442,29012,SApp05
83137,13097,"SApp09,SApp22"
99240,14414,SApp
108941,18453,"SApp09,SApp22"
124189,12297,"SApp09,SApp22"
147452,19753,"SApp09,SApp22"
205440,18962,SApp08
817576,15201,"SApp06,SApp15"
759238041,19747,SApp
58756,39602,SApp08
82781,20550,"SApp09,SApp22"
90840,22573,SApp08
100755,16331,"SApp09,SApp22"
108339,14627,SApp
140838,55504,SApp
145804,30637,"SApp06,SApp15"
815450,19444,"SNpp20,SApp02"
54088,25240,SApp08
110202,19948,"SApp09,SApp22"
111859,30491,SApp
125825,26237,"SApp09,SApp22"
144434,18610,"SApp09,SApp22"
148769,26975,"SApp09,SApp22"
99260,15379,"SApp06,SApp15"
107137,18070,SApp
112349,17110,SApp
118641,156717,"SApp06,SApp15"
138981,23640,SApp
813714,17371,SApp
71760,38678,SApp
80279,14619,"SApp06,SApp15"
94603,13997,SApp01
96068,26689,SApp
168334,20870,"SApp06,SApp15"
200165,12966,SApp01
118074272,15425,SApp
111577,16863,SApp08
119228,21572,SApp
153572,19739,SApp
176396,18106,"SApp09,SApp22"
98952,23850,SApp08
103311,20531,"SApp09,SApp22"
122460,20541,"SApp09,SApp22"
133389,31032,"SApp09,SApp22"
138205,22838,SApp
819835,24717,SApp
84556,27360,SApp
104610,14162,"SApp09,SApp22"
106132,30901,SApp
107282,25898,"SApp09,SApp22"
138625,28999,SApp
115809,23808,SApp
118236,41742,SApp
160875,13325,SApp
910090,76604,SApp
174277,31320,SApp01
188043,13270,SApp01
206485,12664,SApp
816074,21037,SApp
124465,17952,SApp08
136454,21425,SApp
323454,21857,"SApp09,SApp22"
547197,16498,"SApp09,SApp22"
105240,154442,SApp01
139217,12751,SApp01
161704,13487,SApp01
111052,14212,SApp
136203,154881,SApp08
139218,22341,SApp
145433,102017,SApp
178495,17388,SApp
343341,18193,SApp
396040,12852,SApp01
442398895,17724,SApp
129361,15377,SApp08
835497339,48571,SApp
78845,37008,SApp08
145554,22102,SApp08
99217,21766,SApp
109521,31825,"SApp09,SApp22"
123566,37495,"SApp09,SApp22"
200867,32394,SApp
813734,16461,SApp
129575132,16877,SApp
134187,22157,SApp
150265,28632,SApp
182152,22647,"SApp06,SApp15"
120318,24953,"SApp09,SApp22"
147493,20382,SApp
285743,22300,SApp08
128061,22495,SApp08
104481,47873,SApp
147266,23941,SApp
165905,17313,SApp
140748,21395,"SApp09,SApp22"
244965,21234,"SApp06,SApp15"
85566,20183,"SApp06,SApp15"
816072,19041,"SApp06,SApp15"
121271,24291,SApp
109214,11230,SApp
912864,12606,SApp01
150724,19425,SApp08
99407,15293,SApp08
818292,21899,SApp
124570,16636,"SApp06,SApp15"
132393,22802,"SApp06,SApp15"
102868,11705,SApp01
263403,15188,SApp01
54772,12620,SApp08
188093,19958,"SApp06,SApp15"
117729,16233,"SApp09,SApp22"
188368,45283,SApp
356694,63807,SApp
319464846,36065,SApp
145821,22442,SApp
807074,22248,SApp
109547,39485,"SApp09,SApp22"
125890,42571,SApp
149586,53181849600,SApp
136883,23788,SApp
96002,22362,SApp08
155035,16403,"SApp06,SApp15"
215290,12355,"SApp06,SApp15"
139538,52515,SApp
250927,22494,SApp
811943,16689,SApp
129205,42026,SApp
240137,21151,"SApp06,SApp15"
101919,25500,"SApp06,SApp15"
101048,15638,SApp
542076,21087,"SApp09,SApp22"
452754,15607,"SApp09,SApp22"
129503,17792,SApp08
150027,21061,"SApp06,SApp15"
161212,25289,SApp
203325,20776,SApp08
1020257299,24290,SApp
251962,20875,SApp
581519998,14878,SApp01
193940,15790,SApp
814345,16095,"SApp06,SApp15"
155935,19965,SApp08
817334,18735,SApp08
168542,23938,SApp
98280,25975,SApp08
721595680,13958,SApp01
150277,22402,"SApp06,SApp15"
242617,23659,"SApp06,SApp15"
165036608,18213,SApp
113655,35096,"SApp09,SApp22"
122141,22615,SApp08
99569,18903,"SApp09,SApp22"
142880,11773,SApp08
338575,41472,SApp
124567,30562,"SApp06,SApp15"
77796,41932,"SApp09,SApp22"
807758,11676,SApp
160004,20449,SApp
146426,11479,SApp01
149456,21308,SApp
125942,31535,SApp08
124505,19527,SApp
132009,22522,SApp
321904,20352,SApp
344330055,12081,SApp01
