bodyId,type,side
63807,SApp07,L
10863,SApp17,L
11230,SApp17,L
11705,SApp17,L
11773,SApp07,L
12081,SApp07,L
12297,SApp12,L
12355,SApp17,L
12664,SApp07,L
12781,SApp07,L
13097,SApp12,L
13391,SApp09,L
13961,SApp05,L
14414,SApp08,L
14490,SApp06,L
14831,SApp12,L
14921,SApp09,L
14968,SApp08,L
14969,SApp07,L
15427,SApp16,L
15714,SApp06,L
15790,SApp09,L
15886,SApp09,L
16061,SAppxx,L
16688,SApp06,L
16863,SApp08,L
17012,SAppxx,L
17313,SApp07,L
17784,SApp07,L
17821,SApp07,L
17870,SApp22,L
18166,SApp08,L
18453,SApp22,L
18609,SApp03,L
18718,SApp07,L
18956,SApp09,L
19527,SApp06,L
19545,SApp02,L
19747,SApp01,L
20043,SApp08,L
21037,SApp07,L
21308,SApp08,L
21395,SApp02,L
21425,SApp09,L
21556,SApp22,L
21572,SApp08,L
21968,SApp12,L
23675,SApp09,L
23788,SApp08,L
24953,SApp22,L
25898,SApp22,L
27360,SApp02,L
27455,SApp22,L
27548,SApp03,L
28632,SApp22,L
28808,SApp08,L
28999,SApp06,L
30901,SApp22,L
31320,SApp07,L
32029,SApp05,L
32394,SApp09,L
32641,SApp12,L
36065,SApp02,L
100774,SApp12,L
176738,SApp03,L
15646,SApp06,L
15884,SApp08,L
20427,SApp06,L
21924,SApp06,L
22102,SApp06,L
22248,SApp08,L
15607,SApp02,L
16645,SApp12,L
16927,SApp05,L
17402,SApp01,L
18634,SApp22,L
21061,SApp15,L
21087,SApp22,L
21234,SApp15,L
21857,SApp12,L
21953,SApp22,L
23296,SAppxx,L
23611,SApp05,L
24717,SAppxx,L
13275,SApp02,L
13890,SApp02,L
14162,SApp09,L
14817,SApp09,L
15437,SApp09,L
15973,SApp12,L
16043,SApp15,L
16443,SApp05,L
16461,SApp05,L
17017,SApp09,L
17792,SApp01,L
17952,SApp01,L
19425,SApp06,L
19753,SApp12,L
20382,SApp09,L
20449,SApp22,L
22157,SApp17,L
22441,SApp05,L
22494,SApp15,L
22495,SApp15,L
22499,SApp05,L
22522,SApp09,L
23126,SApp05,L
23283,SApp09,L
23941,SApp09,L
24338,SApp09,L
25289,SApp09,L
29012,SApp05,L
22300,SApp08,L
24269,SApp05,L
13677,SApp09,L
15599,SApp03,L
16673,SApp09,L
16877,SApp09,L
17016,SApp08,L
17828,SApp09,L
18962,SApp01,L
19060,SApp09,L
19739,SApp07,L
19859,SApp03,L
20776,SApp07,L
21181,SApp08,L
21484,SApp05,L
22402,SApp15,L
22647,SApp15,L
23844,SApp08,L
24012,SApp08,L
25075,SApp02,L
26021,SApp03,L
27697,SApp03,L
28254,SApp03,L
29226,SApp08,L
31009,SApp03,L
32206,SApp22,L
50540,SApp03,L
64875,SApp17,L
167479,SApp02,L
53588191325,SApp09,L
23659,SApp08,L
27667,SApp08,L
13270,SApp07,L
14978,SApp08,L
15188,SApp07,L
19017,SApp16,L
22442,SApp08,L
11479,SApp07,L
11676,SApp07,L
12606,SApp07,L
14878,SApp01,L
15106,SApp01,L
15201,SAppxx,L
15674,SApp06,L
16403,SAppxx,L
16835,SApp16,L
20549,SAppxx,L
30598,SApp08,L
37008,SApp07,L
37976,SApp01,L
16498,SApp12,L
16799,SApp08,L
21292,SApp06,L
46529,SApp15,L
21151,SApp08,L
18106,SApp09,L
11739,SApp07,R
16625,SApp16,R
16693,SApp09,R
17436,SApp07,R
28662,SApp03,R
12620,SApp08,R
12751,SApp07,R
12923,SApp22,R
12966,SApp07,R
12982,SApp17,R
13487,SApp07,R
13958,SApp01,R
13997,SApp07,R
14619,SApp06,R
14710,SApp03,R
15146,SApp12,R
15224,SApp09,R
15377,SApp08,R
15876,SApp02,R
16095,SAppxx,R
16233,SApp09,R
16377,SApp06,R
16689,SApp09,R
16766,SApp16,R
18185,SApp07,R
18610,SApp17,R
18735,SApp01,R
18930,SApp07,R
19041,SApp15,R
19958,SApp07,R
19965,SApp08,R
20352,SApp07,R
20550,SApp02,R
20862,SApp22,R
20870,SApp08,R
21766,SApp07,R
22615,SApp08,R
23584,SApp01,R
24820,SApp22,R
25240,SApp17,R
25500,SApp08,R
25666,SApp17,R
25975,SApp03,R
26134,SApp22,R
26428,SApp09,R
26689,SAppxx,R
26935,SApp09,R
26975,SApp22,R
27312,SApp09,R
27840,SApp22,R
28934,SApp09,R
31825,SApp09,R
32250,SApp22,R
32484,SApp12,R
32624,SApp17,R
34017,SApp02,R
37815,SApp08,R
38662,SApp05,R
38678,SApp08,R
39466,SApp08,R
41472,SApp02,R
45283,SApp12,R
50274,SApp12,R
55360,SApp05,R
154442,SApp01,R
15638,SApp15,R
24184,SApp05,R
156717,SApp15,R
11860,SApp07,R
12852,SApp07,R
14627,SApp08,R
15425,SApp07,R
17388,SApp01,R
17425,SApp08,R
17724,SApp01,R
17879,SApp07,R
18213,SApp09,R
18837,SApp07,R
20183,SApp06,R
20875,SApp07,R
21758,SApp12,R
21899,SApp17,R
23938,SApp02,R
24291,SApp08,R
24304,SApp08,R
29744,SApp08,R
30293,SApp01,R
31353,SApp05,R
31535,SApp17,R
32739,SApp09,R
39602,SApp08,R
39678,SApp01,R
42026,SApp02,R
42571,SApp03,R
43904,SApp12,R
47873,SApp06,R
48571,SApp02,R
49001,SApp02,R
53614,SApp01,R
13325,SApp08,R
15420,SApp01,R
19470,SApp01,R
23961,SApp07,R
24290,SApp03,R
25315,SApp08,R
25568,SApp02,R
26525,SApp03,R
27278,SApp08,R
151741,SApp01,R
14861,SAppxx,R
15293,SApp06,R
15725,SAppxx,R
16104,SApp05,R
16157,SApp05,R
22052,SApp15,R
22362,SApp06,R
22838,SApp15,R
23640,SApp08,R
28621,SApp12,R
30562,SApp15,R
30637,SApp15,R
31563,SApp22,R
32006,SApp05,R
35096,SApp05,R
37495,SApp12,R
39485,SApp22,R
55504,SApp08,R
63568,SApp05,R
104282,SApp05,R
154881,SApp08,R
14212,SApp09,R
15379,SApp15,R
16331,SApp12,R
16434,SApp05,R
16636,SApp15,R
17110,SApp08,R
17371,SApp05,R
18070,SApp01,R
20531,SApp22,R
22341,SApp09,R
22498,SApp15,R
22573,SApp08,R
22802,SApp15,R
23352,SApp12,R
26237,SApp09,R
28199,SApp06,R
30797,SApp01,R
41742,SApp09,R
41932,SApp12,R
52515,SApp08,R
76604,SApp09,R
14967,SApp16,R
22555,SApp07,R
18193,SApp07,R
18903,SApp09,R
19948,SApp05,R
20541,SApp09,R
31032,SApp12,R
102017,SApp09,R
53181849341,SApp09,R
23850,SAppxx,R
27763,SApp22,R
177539,SApp09,R
30491,SApp22,R
23808,SApp09,R
