bodyId,type,side,post,nt,group
166263,IN12A050,L,905,acetylcholine,17273
154109,AN07B072,L,528,acetylcholine,24555
44855,IN06B087,R,539,glutamate,27768
25517,IN11A028,L,1705,glutamate,23954
24995,IN07B081,L,1643,acetylcholine,23434
23691,IN07B086,L,875,acetylcholine,23691
22967,IN11A031,L,1817,glutamate,16122
22881,IN06A086,L,981,gaba,17855
19036,IN16B099,L,840,glutamate,19036
15276,IN19B033,R,5611,acetylcholine,13295
14479,IN18B020,L,3694,acetylcholine,14479
14345,IN06B017,R,2432,gaba,14345
12562,AN06B014,R,2735,glutamate,12562
11040,IN06B014,R,5187,gaba,11040
10334,AN18B004,L,8832,acetylcholine,10334
157694,IN07B079,L,634,acetylcholine,25051
154599,IN07B086,L,1360,glutamate,15449
29571,IN07B096,L,580,acetylcholine,29591
27187,IN11B012,L,4864,gaba,14590
25532,IN11A028,L,2589,glutamate,13738
25260,IN03B069,L,973,glutamate,19454
23825,IN07B083,L,671,acetylcholine,23825
22731,IN07B079,L,677,acetylcholine,22388
17497,IN07B079,L,625,acetylcholine,17497
17170,IN19B053,L,824,acetylcholine,17170
13109,IN06A002,L,10148,glutamate,13109
10510,w-cHIN,L,4316,glutamate,10510
10366,w-cHIN,L,6654,glutamate,10170
154219,IN07B079,L,501,acetylcholine,14729
23709,IN16B087,L,1095,glutamate,14132
19653,IN16B066,L,935,glutamate,19653
13377,IN12A043,L,2433,acetylcholine,13377
13353,IN03B037,L,2393,acetylcholine,13353
13220,IN12A018,L,3206,acetylcholine,13220
10073,w-cHIN,L,9034,glutamate,10073
21164,IN06A075,L,502,gaba,17508
20149,IN06A075,R,786,gaba,17508
20027,IN06A075,R,611,gaba,17508
13381,INXXX119,R,3064,gaba,12785
10132,IN03B005,L,10951,glutamate,10132
171422,IN12A018,L,2807,acetylcholine,27161
22301,IN02A040,L,859,glutamate,22301
21251,IN06A075,R,517,gaba,17508
19310,IN12A050,L,1626,glutamate,17273
18895,IN16B063,L,1146,glutamate,18895
16606,IN12A035,L,1321,glutamate,14639
13872,INXXX173,L,2157,acetylcholine,13593
23548,IN16B099,L,280,glutamate,23548
23434,IN07B081,L,984,acetylcholine,23434
22705,INXXX076,L,1823,acetylcholine,12011
22080,IN06A075,L,477,gaba,17508
21455,IN16B059,L,1146,glutamate,15269
21418,IN06A075,R,479,gaba,17508
20677,IN06A090,L,745,gaba,22639
19303,IN12A050,L,1863,glutamate,17273
17108,IN06A016,L,1809,gaba,14740
16070,IN17A057,L,2156,acetylcholine,14936
15565,IN07B031,L,1397,glutamate,15565
13126,IN06B017,R,2259,gaba,13126
12906,IN06A013,L,2855,gaba,12906
12656,AN06B090,L,1654,gaba,12469
172682,IN03B058,L,1280,gaba,21430
159325,IN03B058,L,1515,gaba,21430
159160,IN07B099,L,803,acetylcholine,28331
155337,IN16B104,L,767,glutamate,155337
28331,IN07B099,L,891,acetylcholine,28331
26053,IN07B087,L,570,acetylcholine,15656
25259,IN07B087,L,469,acetylcholine,15656
23475,IN02A049,L,968,glutamate,23475
21713,IN03B058,L,1393,gaba,21430
21573,IN16B093,L,1057,glutamate,21573
21088,IN03B060,L,1285,gaba,16455
18490,IN07B087,L,583,acetylcholine,15656
166320,IN07B086,L,688,glutamate,27244
29591,IN07B096,L,477,acetylcholine,29591
27891,IN11A037,L,1587,glutamate,27665
26137,IN11A034,L,1047,acetylcholine,23561
24539,IN06A094,L,832,glutamate,14482
24356,IN06A075,R,543,gaba,17508
14182,IN03B069,L,1326,glutamate,14182
13587,IN06A020,L,4259,gaba,12954
10667,w-cHIN,L,4779,glutamate,10667
156948,IN16B099,L,394,glutamate,22578
27042,IN16B099,L,325,glutamate,27042
25244,IN16B099,L,283,glutamate,22578
12842,AN18B020,L,3714,acetylcholine,12337
20388,IN06A075,L,697,gaba,17508
19589,IN06B076,R,1122,gaba,19589
14403,INXXX133,L,3257,acetylcholine,14403
13496,DNut059,L,1959,gaba,13496
12840,INXXX142,R,3541,acetylcholine,12840
12591,IN02A013,L,3716,glutamate,12591
163396,IN03B060,L,1141,gaba,19368
159210,IN03B060,L,1020,gaba,19368
156404,IN02A043,L,1127,glutamate,23893
154709,IN07B099,L,718,acetylcholine,28331
152816,IN03B060,L,1092,gaba,19368
25017,IN02A047,L,622,glutamate,22246
21873,IN03B060,L,1179,gaba,19368
21623,IN03B060,L,1159,gaba,19368
20730,IN03B060,L,1331,gaba,16455
19780,IN03B063,L,898,gaba,19780
17811,IN03B060,L,1352,gaba,17704
16455,IN03B060,L,1184,gaba,19368
15900,IN03B060,L,1294,gaba,15900
11700,IN07B019,L,3936,acetylcholine,11344
43933,IN07B098,L,207,acetylcholine,30841
30239,IN06A126,L,444,glutamate,30239
25158,IN03B072,L,1150,glutamate,16770
24221,IN07B098,L,561,acetylcholine,24221
23969,IN03B072,L,1275,glutamate,16770
20913,IN03B073,L,1151,gaba,20913
19935,IN06A022,L,686,glutamate,14254
19688,IN06A042,L,980,glutamate,17535
18666,IN03B060,L,1273,gaba,17704
18513,IN03B072,L,1266,glutamate,16770
15440,IN06A022,L,431,glutamate,12112
15207,IN06A022,L,402,glutamate,14254
14377,IN06A022,L,507,glutamate,12112
12858,IN06A011,L,629,glutamate,12858
11182,IN19A026,L,5130,gaba,10764
24045,IN02A047,L,605,glutamate,17107
17943,IN06A042,L,1078,glutamate,17535
16826,IN06A042,L,1039,glutamate,16826
13290,IN07B033,L,3564,acetylcholine,13290
101336,IN11A031,L,1948,glutamate,25192
24153,IN07B086,L,993,acetylcholine,24153
28262,IN07B094,L,554,acetylcholine,25585
14639,IN12A035,L,1777,acetylcholine,14639
13497,IN03B037,R,2330,acetylcholine,13353
23673,IN06A086,L,1121,gaba,23673
21172,IN07B083,L,606,acetylcholine,21172
17814,IN03B080,L,1038,gaba,17814
16152,IN06A057,L,1328,glutamate,16152
41002,IN06A126,L,683,glutamate,30239
22766,IN03B059,L,1301,gaba,22766
20770,IN03B059,L,1346,gaba,12752
12112,IN06A022,L,662,glutamate,12112
11917,IN27X014,R,5144,gaba,11917
11138,IN06A003,L,3556,gaba,11138
16085,IN07B038,L,1805,acetylcholine,14732
162396,IN07B092,L,516,acetylcholine,18680
25770,IN03B066,L,588,gaba,24856
21099,IN12A058,L,928,acetylcholine,21099
33421186597,IN02A026,L,832,glutamate,40030
156686,IN06A126,R,616,glutamate,154600
102677,IN07B092,L,607,acetylcholine,18680
42067,IN07B092,L,308,glutamate,18680
28719,IN07B092,L,524,acetylcholine,18680
28106,IN07B094,L,580,acetylcholine,25585
21644,IN06B076,R,1530,gaba,19606
13667,INXXX138,R,2968,acetylcholine,13028
10177,IN19B013,L,1023,acetylcholine,10177
164554,IN06A137,R,538,glutamate,28585
159065,IN07B083,L,657,acetylcholine,23825
152857,IN11A028,L,1920,glutamate,13738
18247,IN06A036,R,964,gaba,18247
14971,IN03B070,L,1234,gaba,14971
14524,IN07B083,L,648,acetylcholine,14524
13678,IN12A043,R,2317,acetylcholine,13377
11344,IN07B019,R,3878,acetylcholine,11344
158132,IN06A116,L,826,glutamate,28684
35564,IN03B072,L,959,glutamate,23894
35511,IN06A128,L,680,glutamate,35511
33631,IN06A137,L,317,glutamate,28585
23589,IN02A032,L,1128,glutamate,19990
20348,IN06A057,L,1188,gaba,20348
14254,IN06A022,L,529,glutamate,14254
27966,IN02A061,L,525,glutamate,27966
26372,IN07B100,L,428,acetylcholine,15294
20175,IN03B069,L,1532,glutamate,20175
43240,AN19B079,L,1343,acetylcholine,18408
102678,IN16B093,L,1060,glutamate,22618
23928,IN07B087,L,372,acetylcholine,15656
152548,IN06B047,R,978,glutamate,152548
25241,IN02A040,L,694,glutamate,20691
17191,IN12A058,L,1188,acetylcholine,17191
13028,INXXX138,L,2950,acetylcholine,13028
168448,IN03B061,L,1779,glutamate,19517
20003,IN11B016,L,1047,gaba,20003
18583,IN03B066,L,1605,glutamate,19226
17148,IN03B066,L,1855,glutamate,14379
17111,IN03B061,L,1760,glutamate,17111
159326,IN03B087,L,948,gaba,22809
156274,IN03B062,L,1114,gaba,18729
152815,IN03B060,L,1492,gaba,17704
25173,IN03B072,L,1285,glutamate,16770
20676,IN03B060,L,1241,gaba,16455
19559,IN03B062,L,1000,gaba,19559
19039,IN03B063,L,1022,gaba,18931
20519,IN06B077,R,2003,gaba,20519
11563,AN08B010,L,3604,acetylcholine,11563
166261,IN06A137,L,482,glutamate,28585
20160,IN03B080,L,836,gaba,18361
16630,IN06A032,L,1177,glutamate,13756
10322,AN07B003,L,8411,acetylcholine,10294
28469,IN06A105,L,536,gaba,26903
13691,AN07B032,L,2198,acetylcholine,12578
172560,IN06B042,R,2332,glutamate,12228
154600,IN06A126,L,725,glutamate,154600
29397,IN11B021,L,642,gaba,29350
28701,IN11B021,L,900,gaba,27575
28038,IN11B022,L,1199,glutamate,24151
25676,IN11B019,L,797,gaba,24895
18677,IN06B055,R,2212,gaba,18677
194549,IN18B039,L,915,acetylcholine,194549
101436,IN06B077,R,985,glutamate,25142
18188,IN06B047,R,1920,glutamate,152548
10451,AN18B004,R,8908,acetylcholine,10334
24425,IN07B086,L,797,acetylcholine,24425
23954,IN11A028,R,1712,glutamate,23954
18232,IN12A053,R,1413,acetylcholine,18751
13084,IN19B031,L,3169,acetylcholine,13084
11224,IN17A011,L,3968,acetylcholine,11026
158479,IN06A116,L,917,glutamate,28684
157188,IN06A127,L,729,gaba,28551
68570,IN11B018,L,891,gaba,20821
28238,IN02A061,L,377,glutamate,27966
27560,IN06A116,L,970,glutamate,23482
26231,IN06A116,L,785,glutamate,23482
174427,IN27X014,L,5394,gaba,11917
153224,IN19B083,R,693,acetylcholine,19433
22469,IN03B076,L,1039,gaba,22469
12889,IN07B026,L,3798,acetylcholine,12889
12845,IN14B007,L,4469,gaba,12845
24664,IN03B061,L,1229,gaba,21830
21627,IN06A075,L,499,gaba,17508
18283,IN03B066,L,1840,glutamate,19226
33512,IN11A037,L,1102,glutamate,27665
12130,IN06B013,R,5405,gaba,12092
19615,IN03B058,L,1243,gaba,11504
13616,IN17B015,L,2628,gaba,13573
20253,DNg94,L,163,acetylcholine,20253
154861,IN03B066,L,888,gaba,24856
27273,IN03B066,L,1819,glutamate,19226
157281,IN03B066,L,677,gaba,24241
27429,IN03B066,L,735,gaba,24241
21208,IN06A075,L,614,gaba,17508
21064,IN06A075,R,561,gaba,17508
17508,IN06A075,L,520,gaba,17508
16770,IN03B072,L,1181,glutamate,16770
23128,IN07B083,L,572,acetylcholine,21172
20375,IN07B064,L,698,acetylcholine,20375
31867,IN07B094,L,405,acetylcholine,29419
29570,IN03B070,L,1292,gaba,14971
18816,IN19B053,R,745,acetylcholine,17170
15771,IN07B039,L,1813,acetylcholine,15771
28826,IN11B023,L,738,gaba,24178
24287,IN11B016,L,609,gaba,22869
20490,IN03B063,L,1087,gaba,19780
18361,IN03B080,L,1075,gaba,18361
156765,IN03B080,L,931,gaba,17814
16662,IN03B081,L,902,glutamate,16662
22895,IN19B072,R,669,acetylcholine,15471
157389,IN06A137,L,308,glutamate,28585
159066,IN11B016,L,605,gaba,159066
22869,IN11B016,L,837,gaba,22869
27003,IN11B019,L,893,gaba,23767
17656,IN19B055,L,1108,acetylcholine,17421
16115,AN06A030,L,1651,glutamate,16115
11802,IN17A023,L,7152,acetylcholine,11802
17976,IN19B072,R,736,acetylcholine,15471
10625,IN12A003,L,6586,acetylcholine,10554
18672,IN03B061,L,1615,gaba,21830
18484,IN19B062,R,872,acetylcholine,18484
11611,IN12A009,L,4623,acetylcholine,11460
21385,IN03B058,L,1113,gaba,11504
12910,AN06B089,R,5246,glutamate,12910
155613,IN06A108,L,676,gaba,23860
24505,IN06A118,R,355,gaba,24505
14776,IN17A063,L,2257,acetylcholine,13666
18908,IN06B077,R,1503,gaba,15536
156607,IN03B088,L,628,gaba,25229
158815,IN06B047,L,1102,glutamate,152548
18701,IN06B055,L,2196,gaba,18677
18638,IN19B056,L,2514,acetylcholine,18638
10098,AN02A001,L,9596,glutamate,10098
25135,IN11A034,L,1008,acetylcholine,23561
23571,IN06A075,R,642,gaba,17508
13306,IN06A012,L,1899,gaba,12880
157726,IN06A075,L,395,gaba,17508
11681,IN01A017,R,5274,acetylcholine,11681
18640,IN06B077,R,1779,gaba,18640
18559,IN06B074,R,554,gaba,18559
15744,IN11A018,L,1736,acetylcholine,15744
153286,IN16B059,R,796,glutamate,15269
27161,IN12A018,R,2626,acetylcholine,27161
20462,IN06A002,R,10708,glutamate,13109
18952,IN16B059,R,868,glutamate,15269
16185,IN08B070,R,386,acetylcholine,15713
14224,IN06B017,L,2349,gaba,14224
13435,INXXX142,L,3307,acetylcholine,12840
13266,IN12A018,R,2972,acetylcholine,13220
13224,IN06B017,L,2181,gaba,13126
12469,AN06B090,R,1471,gaba,12469
12312,IN06B014,L,4990,gaba,11040
10755,IN02A007,R,6969,glutamate,10740
10699,IN17B004,R,4545,gaba,10546
10170,w-cHIN,R,7691,gaba,10170
10105,w-cHIN,R,7938,acetylcholine,10073
155062,IN16B063,R,1173,glutamate,18895
153640,IN03B060,R,1089,gaba,16455
28429,IN07B094,R,557,acetylcholine,28429
27485,IN07B092,R,716,acetylcholine,18680
25219,IN03B061,R,1111,gaba,21830
24241,IN03B066,R,717,gaba,24241
21830,IN03B061,R,1498,gaba,21830
18680,IN07B092,R,942,acetylcholine,18680
15390,IN12A035,R,1741,acetylcholine,14639
13288,IN12A012,R,7047,glutamate,12236
12337,AN18B020,R,3010,acetylcholine,12337
12011,INXXX076,R,1583,acetylcholine,12011
159288,IN06A128,R,706,gaba,35511
154880,IN16B093,R,919,glutamate,21573
102942,IN02A040,R,1081,glutamate,22301
34902,IN12A061,R,1222,glutamate,34902
30487,IN02A049,R,464,glutamate,27950
25247,IN06A086,R,1086,glutamate,23673
22246,IN02A047,R,519,glutamate,22246
22078,IN03B058,R,1553,glutamate,21430
21677,IN06A057,R,1381,glutamate,20348
20726,IN06A057,R,1249,glutamate,16152
20691,IN02A040,R,906,glutamate,20691
17855,IN06A086,R,1120,gaba,17855
17801,IN06A042,R,1334,glutamate,16826
17058,IN06A042,R,1216,glutamate,17535
16122,IN11A031,R,1686,glutamate,16122
15697,AN03B039,R,4056,glutamate,15697
14590,IN11B012,R,4449,gaba,14590
13612,IN07B033,R,3573,acetylcholine,13290
10823,AN04A001,R,6595,acetylcholine,10823
40030,IN02A026,R,1739,glutamate,40030
26710,IN12A050,R,1395,glutamate,17273
23265,IN12A058,R,1174,acetylcholine,21099
22191,IN12A050,R,1616,glutamate,17273
19851,IN16B099,R,845,glutamate,19036
19386,IN08B070,R,320,acetylcholine,18063
18573,IN06B074,L,518,gaba,18559
17273,IN12A050,R,1545,glutamate,17273
16263,IN18B039,R,2750,acetylcholine,16263
12216,IN01A017,L,5185,acetylcholine,11681
169911,IN03B072,R,1308,glutamate,16770
154996,IN06A116,R,1086,glutamate,23482
103483,IN06A126,R,528,glutamate,30239
102708,IN06A126,R,658,glutamate,30239
29817,IN06A116,R,846,glutamate,23482
28585,IN06A137,R,413,glutamate,28585
28551,IN06A127,R,759,glutamate,28551
28267,IN11B022,R,1119,gaba,28267
26304,IN06A116,R,1020,glutamate,23482
23771,IN03B066,R,1418,glutamate,19226
23164,IN11B018,R,889,gaba,20821
21620,IN03B072,R,1392,glutamate,16770
20993,IN03B072,R,1390,glutamate,16770
20376,IN06A124,R,733,glutamate,17638
17535,IN06A042,R,953,glutamate,17535
16783,IN06B017,L,1959,gaba,14345
16155,IN06A022,R,812,glutamate,14254
12228,IN06B042,L,2844,glutamate,12228
159085,IN07B096,R,539,acetylcholine,25379
100784,IN06A108,R,644,gaba,23860
27665,IN11A037,R,1723,glutamate,27665
27244,IN07B086,R,817,glutamate,27244
27203,IN16B099,R,275,glutamate,27042
25192,IN11A031,R,2188,glutamate,25192
19915,IN03B069,R,1570,glutamate,14182
19454,IN03B069,R,1612,glutamate,19454
15449,IN07B086,R,579,glutamate,15449
15132,IN18B020,R,3277,acetylcholine,14479
14026,DNut059,R,1517,gaba,13496
12954,IN06A020,R,4160,gaba,12954
10668,w-cHIN,R,4359,gaba,10510
10632,IN17B004,R,6462,gaba,10601
10468,w-cHIN,R,6095,glutamate,10667
100988,IN07B081,R,1314,acetylcholine,23434
24602,IN07B081,R,1421,acetylcholine,22666
14740,IN06A016,R,1638,gaba,14740
13206,IN06A013,R,2622,gaba,12906
30748,IN11B021,R,661,gaba,29350
24151,IN11B022,R,1395,glutamate,24151
23894,IN03B072,R,1279,glutamate,23894
18931,IN03B063,R,942,gaba,18931
18617,IN03B072,R,1204,glutamate,23894
15979,AN19B065,R,1075,acetylcholine,15901
14308,IN06A022,R,487,glutamate,12112
13682,IN06A022,R,500,glutamate,12112
10764,IN19A026,R,4956,gaba,10764
26374,IN16B099,R,275,glutamate,22578
25897,IN11A028,R,2037,glutamate,13738
25012,IN16B099,R,389,glutamate,23548
20131,IN16B066,R,1017,glutamate,19653
12785,INXXX119,L,3302,gaba,12785
158944,IN03B068,R,1037,gaba,156198
153199,IN07B083,R,655,acetylcholine,23825
25051,IN07B079,R,569,acetylcholine,25051
22947,IN07B079,R,663,acetylcholine,17497
22388,IN07B079,R,694,acetylcholine,22388
15092,IN01A020,R,4436,acetylcholine,11998
14729,IN07B079,R,605,acetylcholine,14729
14132,IN16B087,R,1178,glutamate,14132
26091,IN16B099,R,279,glutamate,22578
24856,IN03B066,R,622,gaba,24856
14936,IN17A057,R,2013,acetylcholine,14936
21929,IN12A058,R,1117,acetylcholine,17191
11111,IN13B008,L,4581,gaba,11111
163217,IN07B094,R,542,acetylcholine,25585
23561,IN11A034,R,668,acetylcholine,23561
22578,IN16B099,R,309,glutamate,22578
17516,IN16B048,R,925,glutamate,17069
159728,IN12A063,L,332,acetylcholine,152294
157443,IN12A035,R,1401,glutamate,14639
17392,IN06A022,R,545,glutamate,14254
164042,IN07B099,R,871,acetylcholine,28331
159206,IN16B104,R,629,glutamate,155337
157193,IN03B060,R,1131,gaba,16455
45116,IN07B099,R,777,acetylcholine,28331
28393,IN07B099,R,687,acetylcholine,28331
22328,IN03B060,R,980,gaba,19368
20426,IN03B060,R,1206,gaba,19368
20133,IN03B060,R,1089,gaba,19368
19368,IN03B060,R,1150,gaba,19368
19116,IN03B060,R,1283,gaba,16455
19033,IN03B060,R,1187,gaba,16455
18385,IN03B060,R,1288,gaba,15900
17704,IN03B060,R,1478,gaba,17704
17607,IN03B060,R,1244,gaba,16455
164112,IN07B098,R,664,acetylcholine,24221
102707,IN03B059,R,1342,gaba,22766
102624,IN07B098,R,289,acetylcholine,30841
30232,IN06A137,R,504,gaba,28585
13986,IN06A022,R,513,glutamate,12112
13538,IN06A022,R,600,glutamate,12112
26414,IN07B086,R,870,acetylcholine,23691
17127,IN06A040,R,937,gaba,16919
10294,AN07B003,R,8679,acetylcholine,10294
29431,IN11B021,R,676,gaba,29350
29350,IN11B021,R,842,gaba,29350
27575,IN11B021,R,839,gaba,27575
26358,IN11A036,R,361,acetylcholine,26358
23767,IN11B019,R,977,gaba,23767
26842,IN07B083,R,614,acetylcholine,23825
23027,IN03B070,R,1336,gaba,14971
16139,IN06A033,R,1068,gaba,16168
15656,IN07B087,R,567,acetylcholine,15656
154886,IN07B087,R,618,acetylcholine,15656
152682,IN07B098,R,472,acetylcholine,26140
29564,IN07B098,R,546,acetylcholine,22129
27950,IN02A049,R,1008,glutamate,27950
26781,IN07B098,R,553,acetylcholine,26781
21131,IN03B060,R,1241,gaba,19368
20170,INXXX133,R,3291,acetylcholine,14403
13756,IN06A032,R,1177,glutamate,13756
13339,IN06A011,R,525,glutamate,12858
22618,IN16B093,R,1185,glutamate,22618
157517,IN11B021,R,905,gaba,27575
36128,IN07B086,R,704,acetylcholine,24425
28684,IN06A116,R,665,gaba,28684
25585,IN07B087,R,500,acetylcholine,15656
24895,IN11B019,R,729,gaba,24895
16694,IN17A060,R,1644,glutamate,13607
15411,IN17A056,R,1914,acetylcholine,14445
13146,IN07B026,R,3295,acetylcholine,12889
12935,IN14B007,R,4767,gaba,12845
12092,IN06B013,L,5861,gaba,12092
37455,IN07B092,R,619,acetylcholine,18680
29419,IN07B094,R,480,acetylcholine,29419
23286,IN06A107,R,575,gaba,23286
19606,IN06B076,L,1489,gaba,19606
36880,IN07B083,R,408,acetylcholine,23825
23612,IN03B070,R,1360,gaba,21110
23115,IN07B083,R,558,acetylcholine,21172
23041,IN07B075,R,575,acetylcholine,14219
21303,IN06B077,L,1709,gaba,18640
26295,IN07B086,R,913,acetylcholine,24153
17285,IN06A020,R,3444,gaba,14884
15922,IN12A035,R,1487,glutamate,14639
155683,IN07B096,R,513,acetylcholine,25379
31366,IN03B088,R,458,gaba,25229
26903,IN06A105,R,509,gaba,26903
28915,IN11A037,R,1680,glutamate,27665
24281,IN11A034,R,852,acetylcholine,23561
16168,IN06A033,R,1132,gaba,16168
153994,IN02A043,R,1165,glutamate,23359
19675,IN03B066,R,1729,glutamate,19226
19517,IN03B061,R,1584,glutamate,19517
18886,IN03B060,R,1543,gaba,17704
17715,IN03B061,R,1595,glutamate,17111
17633,IN03B061,R,1921,glutamate,17111
16531,IN03B066,R,1824,glutamate,19226
14379,IN03B066,R,1987,glutamate,14379
12752,IN03B059,R,1427,gaba,12752
23658,IN16B063,R,1009,glutamate,19866
14559,IN02A019,R,2952,glutamate,14559
152681,IN07B083,R,624,acetylcholine,23825
29631,IN07B099,R,646,acetylcholine,28331
159067,IN07B084,R,1024,acetylcholine,24270
158710,IN03B070,R,1263,gaba,14971
18105,IN07B047,R,1494,acetylcholine,18105
20269,IN03B069,R,1705,glutamate,20175
11026,IN17A011,R,4168,acetylcholine,11026
20276,IN03B063,R,992,gaba,19780
21600,IN03B058,R,1365,gaba,21430
21430,IN03B058,R,1590,gaba,21430
154122,IN03B076,R,1055,gaba,22469
24142,IN03B073,R,1060,gaba,20913
154670,IN11B016,R,838,gaba,22869
15880,IN07B039,R,1718,acetylcholine,15771
24843,IN03B075,R,802,gaba,24843
23220,IN03B081,R,778,glutamate,16662
22809,IN03B087,R,956,gaba,22809
162958,IN02A043,R,1219,glutamate,23893
28291,IN07B094,R,482,acetylcholine,25585
40514,IN07B087,R,511,acetylcholine,15656
20102,IN03B074,R,1421,gaba,20102
22150,IN06B077,L,1891,gaba,20519
20334,IN03B063,R,947,gaba,19780
15180,IN06B038,L,2552,gaba,14766
154056,IN19B103,L,656,acetylcholine,26519
24418,IN03B083,R,455,gaba,24418
19588,IN19B062,L,1027,acetylcholine,18484
102746,IN07B064,R,679,acetylcholine,20375
20309,IN07B083,R,708,acetylcholine,14524
22307,IN03B062,R,1021,gaba,19559
18729,IN03B062,R,922,gaba,18729
16381,IN17A067,R,1660,acetylcholine,15824
17199,IN08B068,R,1895,acetylcholine,16269
25142,IN06B077,L,1240,glutamate,25142
23443,IN17A106,R,1094,acetylcholine,23365
21631,AN06B089,L,4336,glutamate,12910
15536,IN06B077,L,1541,gaba,15536
25848,IN07B092,R,372,acetylcholine,18680
12244,AN06B031,L,2628,gaba,12244
157206,IN06B047,L,1076,glutamate,152548
30168,IN07B093,R,419,acetylcholine,25489
159247,IN07B103,R,425,acetylcholine,32520
23538,IN11B016,R,829,gaba,20003
154312,IN06A082,L,590,gaba,18762
13573,IN17B015,R,2645,gaba,13573
27030,IN03B081,R,645,glutamate,23719
24402,IN06A120,R,524,gaba,23739
22196,IN06A082,L,495,gaba,18762
23022,IN03B080,R,940,gaba,17814
21360,IN19B070,R,1459,acetylcholine,20832
20248,IN03B056,R,738,gaba,18639
11628,AN19B024,R,1909,acetylcholine,11628
10775,IN27X007,R,4106,glutamate,10775
11523,IN19B020,R,2452,acetylcholine,11523
17421,IN19B055,R,793,acetylcholine,17421
159683,IN03B080,R,909,gaba,18361
101025,AN19B039,L,2133,acetylcholine,14629
12399,IN06A009,R,4946,gaba,12399
14440,IN06A023,R,1494,gaba,14440
18555,IN03B067,R,913,gaba,18555
32829,IN02A047,R,293,glutamate,17107
19226,IN03B066,R,1879,glutamate,19226
